List.Year,Date.Recorded,Town,Assessed.Value,Sale.Amount,Sales.Ratio,Property.Type,County,Longitude,Latitude
2009,04/01/2010,Hartford,18240.0,53000.0,0.344150943,Condo,Hartford,-72.7012646,41.7691842
2010,08/08/2011,Bridgeport,147410.0,136000.0,1.083897059,Single Family,Fairfield,-73.2117791,41.2262385
2007,07/11/2008,Branford,158700.0,200000.0,0.7935,Single Family,New Haven,-72.8028717,41.2705928
2018,08/06/2019,South Windsor,129900.0,210000.0,0.6185,Single Family,Hartford,-72.5118504,41.827171
2007,11/13/2007,West Hartford,102000.0,470000.0,0.217021277,Condo,Hartford,-72.7708569,41.7435921
2007,10/11/2007,East Hampton,181320.0,292000.0,0.620958904,Single Family,Middlesex,-72.4884759,41.570739
2012,07/31/2013,Easton,366830.0,327000.0,1.121804281,Single Family,Fairfield,-73.2489147,41.2470587
2019,04/24/2020,Waterbury,31240.0,58000.0,0.5386,Condo,New Haven,-73.022533,41.5499355
2015,05/31/2016,Simsbury,198430.0,282000.0,0.703652482,Single Family,Hartford,-72.8108119,41.8863022
2007,09/24/2008,Thomaston,162920.0,235000.0,0.693276596,Single Family,Litchfield,-73.1244955,41.6689681
2019,09/02/2020,Canton,135920.0,170000.0,0.7995,Single Family,Hartford,-72.9147963,41.8676752
2019,05/05/2020,Cromwell,236390.0,388000.0,0.6093,Single Family,Middlesex,-72.6734372,41.6123054
2014,12/04/2014,Southington,197640.0,330000.0,0.598909091,Single Family,Hartford,-72.8589097,41.5844793
2012,05/30/2013,Oxford,259300.0,435000.0,0.596091954,Condo,New Haven,-73.1095546,41.4676602
2015,04/25/2016,Stratford,150430.0,181500.0,0.828815427,Single Family,Fairfield,-73.1209687,41.2065138
2012,10/31/2012,Branford,226800.0,380000.0,0.596842105,Single Family,New Haven,-72.8087742,41.2788474
2014,08/03/2015,Bridgeport,196230.0,207000.0,0.947971014,Three Family,Fairfield,-73.163145,41.192716
2014,01/09/2015,Stamford,219580.0,530000.0,0.414301887,Three Family,Fairfield,-73.541675,41.0437744
2008,08/27/2009,Southbury,86100.0,138000.0,0.623913043,Condo,New Haven,-73.2344362,41.494844
2018,06/27/2019,Stratford,108430.0,212000.0,0.5114,Condo,Fairfield,-73.1112641,41.2452602
2010,05/06/2011,New Britain,109060.0,127500.0,0.855372549,Condo,Hartford,-72.7744093,41.7137743
2013,04/30/2014,Manchester,158500.0,226030.0,0.701234349,Single Family,Hartford,-72.4894928,41.7773838
2015,06/17/2016,Burlington,279160.0,355000.0,0.786366197,Single Family,Hartford,-72.9083591,41.7643962
2007,06/18/2008,Suffield,127750.0,249000.0,0.513052209,Condo,Hartford,-72.6124986,41.9890512
2019,06/30/2020,Shelton,172200.0,232000.0,0.7422,Condo,Fairfield,-73.0901697,41.3061717
2020,10/16/2020,Portland,96460.0,199900.0,0.4825,Residential,Middlesex,-72.6268166,41.5650439
2016,12/16/2016,Southbury,56930.0,124000.0,0.459112903,Condo,New Haven,-73.24708,41.488058
2016,04/24/2017,East Hartford,106680.0,165000.0,0.646545455,Single Family,Hartford,-72.6203489,41.7403788
2014,03/06/2015,Plymouth,155070.0,265000.0,0.585169811,Single Family,Litchfield,-73.0239012,41.6744559
2020,08/10/2021,Berlin,148200.0,220000.0,0.6736,Residential,Hartford,-72.7544398,41.6171373
2014,03/02/2015,Glastonbury,161500.0,235000.0,0.687234043,Single Family,Hartford,-72.5539644,41.724263
2018,11/08/2018,Enfield,112150.0,190000.0,0.5902,Single Family,Hartford,-72.5855943,41.9626031
2019,07/17/2020,Milford,135400.0,226000.0,0.5991,Condo,New Haven,-73.056517,41.211283
2014,08/10/2015,Norwalk,211460.0,308114.0,0.68630442,Single Family,Fairfield,-73.4326847,41.1159323
2012,02/28/2013,Southington,62660.0,98000.0,0.639387755,Condo,Hartford,-72.8870159,41.6106902
2013,07/01/2014,Stonington,372600.0,425000.0,0.876705882,Condo,New London,-71.9534019,41.3348856
2011,12/06/2011,New Haven,103490.0,165000.0,0.627212121,Condo,New Haven,-72.8961375,41.2747638
2014,06/12/2015,Groton,407890.0,651500.0,0.626078281,Single Family,New London,-71.9980408,41.3367006
2016,12/01/2016,Southbury,309910.0,397000.0,0.780629723,Single Family,New Haven,-73.1808487,41.4796539
2016,06/29/2017,Torrington,75700.0,80000.0,0.94625,Three Family,Litchfield,-73.1194473,41.7927492
2018,08/07/2019,Salem,18800.0,40000.0,0.47,Condo,New London,-72.2418735,41.4634325
2006,02/13/2007,Avon,164690.0,335000.0,0.49161194,Single Family,Hartford,-72.8418781,41.8019644
2014,11/26/2014,Canton,166960.0,212000.0,0.78754717,Single Family,Hartford,-72.9324571,41.8268891
2006,11/16/2006,Naugatuck,107130.0,236900.0,0.452216125,Single Family,New Haven,-73.0207648,41.4857622
2016,06/08/2017,Glastonbury,98400.0,157725.0,0.623870661,Condo,Hartford,-72.5924127,41.7246795
2012,06/21/2013,West Haven,129640.0,233000.0,0.55639485,Single Family,New Haven,-72.9657802,41.2497379
2016,08/01/2017,Cromwell,109080.0,154000.0,0.708311688,Condo,Middlesex,-72.6716794,41.6111464
2012,08/29/2013,Madison,277200.0,270000.0,1.026666667,Single Family,New Haven,-72.6647073,41.3392122
2012,10/26/2012,Meriden,94570.0,91000.0,1.039230769,Single Family,New Haven,-72.7823274,41.5466885
2017,12/08/2017,Groton,369110.0,485000.0,0.761051546,Single Family,New London,-71.987391,41.3570265
2014,06/26/2015,Watertown,172500.0,325000.0,0.530769231,Single Family,Litchfield,-73.1595445,41.6232464
2020,12/28/2020,Bristol,102270.0,229600.0,0.4454,Residential,Hartford,-72.9513855,41.6700984
2015,11/13/2015,Torrington,57850.0,70000.0,0.826428571,Condo,Litchfield,-73.1136129,41.8724464
2006,03/30/2007,Lebanon,98090.0,215000.0,0.456232558,Single Family,New London,-72.2798876,41.628625
2020,07/26/2021,Bethel,169610.0,385000.0,0.4405,Residential,Fairfield,-73.3929962,41.3738022
2012,09/27/2013,Middletown,157850.0,207000.0,0.762560386,Single Family,Middlesex,-72.6913579,41.5674438
2018,02/04/2019,Meriden,36610.0,72500.0,0.5049,Condo,New Haven,-72.7817952,41.5515839
2012,11/07/2012,Clinton,48800.0,79900.0,0.610763454,Single Family,Middlesex,-72.549136,41.296147
2006,08/13/2007,New Britain,74900.0,183900.0,0.407286569,Two Family,Hartford,-72.7918517,41.6871944
2009,06/11/2010,Southbury,83570.0,80000.0,1.044625,Condo,New Haven,-73.2476644,41.4869177
2016,08/30/2017,Westport,380300.0,525000.0,0.724380952,Single Family,Fairfield,-73.3160847,41.1421162
2006,07/27/2007,Wethersfield,221900.0,370000.0,0.59972973,Single Family,Hartford,-72.6914965,41.6882928
2013,12/02/2013,Cromwell,118640.0,171000.0,0.69380117,Condo,Middlesex,-72.6885889,41.6075752
2007,10/26/2007,Stratford,192780.0,280000.0,0.6885,Single Family,Fairfield,-73.1486749,41.1892898
2014,07/29/2015,Wolcott,104120.0,127420.0,0.817140166,Single Family,New Haven,-72.9986247,41.5905442
2010,02/28/2011,New Britain,143850.0,186000.0,0.773387097,Single Family,Hartford,-72.765429,41.6995209
2008,06/01/2009,West Hartford,193900.0,290250.0,0.668044789,Single Family,Hartford,-72.7458974,41.7696447
2012,08/05/2013,Torrington,116360.0,160000.0,0.72725,Single Family,Litchfield,-73.1196289,41.816319
2008,05/06/2009,Waterbury,101010.0,130100.0,0.776402767,Single Family,New Haven,-73.0065124,41.5553388
2020,07/12/2021,West Hartford,263270.0,518100.0,0.5081,Residential,Hartford,-72.7575334,41.7756676
2008,04/23/2009,East Haven,177800.0,249900.0,0.711484594,Condo,New Haven,-72.8725486,41.2830915
2008,07/31/2009,Stamford,278910.0,402000.0,0.69380597,Condo,Fairfield,-73.5139896,41.0454219
2016,08/28/2017,Trumbull,227010.0,339000.0,0.669646018,Single Family,Fairfield,-73.1943069,41.2588186
2008,02/27/2009,Middletown,160930.0,210000.0,0.766333333,Single Family,Middlesex,-72.6791971,41.5508133
2011,09/18/2012,Avon,228660.0,375000.0,0.60976,Single Family,Hartford,-72.880568,41.8081797
2015,10/19/2015,Newtown,150200.0,270000.0,0.556296296,Single Family,Fairfield,-73.293743,41.3908417
2014,04/09/2015,Seymour,183680.0,160000.0,1.148,Single Family,New Haven,-73.1117056,41.3726909
2009,08/25/2010,Woodbury,111850.0,145000.0,0.77137931,Condo,Litchfield,-73.229455,41.512612
2012,05/31/2013,Stratford,127120.0,187900.0,0.676530069,Single Family,Fairfield,-73.1414721,41.19135
2019,09/23/2020,Waterbury,55870.0,88000.0,0.6349,Condo,New Haven,-73.0867245,41.5543611
2014,04/01/2015,Stafford,103740.0,144900.0,0.715942029,Single Family,Tolland,-72.3122196,41.9756449
2015,12/04/2015,Waterford,236540.0,355000.0,0.666309859,Single Family,New London,-72.176612,41.3524699
2006,06/05/2007,West Haven,132370.0,188000.0,0.704095745,Single Family,New Haven,-72.9660565,41.2547219
2016,12/16/2016,Torrington,74930.0,111000.0,0.675045045,Condo,Litchfield,-73.1060463,41.8734394
2006,05/31/2007,Norwich,129000.0,194800.0,0.662217659,Condo,New London,-72.1028605,41.5468027
2009,07/01/2010,Stafford,166320.0,175000.0,0.9504,Single Family,Tolland,-72.2806277,41.9974351
2016,12/08/2016,Durham,213430.0,320000.0,0.66696875,Single Family,Middlesex,-72.6894181,41.4440405
2013,09/30/2014,Stratford,179760.0,156000.0,1.152307692,Single Family,Fairfield,-73.1316806,41.2123108
2010,11/09/2010,Torrington,121680.0,190000.0,0.640421053,Single Family,Litchfield,-73.1002213,41.810323
2017,01/22/2018,Watertown,115500.0,150000.0,0.77,Single Family,Litchfield,-73.0724631,41.5930454
2020,12/03/2020,Norwalk,341240.0,465000.0,0.7338,Residential,Fairfield,-73.4471862,41.1088797
2017,04/05/2018,Madison,328100.0,445000.0,0.7373,Single Family,New Haven,-72.5932866,41.2941212
2007,05/05/2008,East Hartford,176580.0,236000.0,0.748220339,Two Family,Hartford,-72.6202447,41.7857017
2012,08/30/2013,Milford,179970.0,252500.0,0.712752475,Single Family,New Haven,-73.0409082,41.228329
2006,04/30/2007,Stratford,208670.0,469000.0,0.444925373,Single Family,Fairfield,-73.1183177,41.2550254
2006,10/10/2006,Stratford,202090.0,317000.0,0.637507886,Single Family,Fairfield,-73.135168,41.2197585
2015,04/12/2016,Simsbury,407740.0,490000.0,0.832122449,Single Family,Hartford,-72.8046721,41.885358
2009,07/01/2010,Oxford,208340.0,280000.0,0.744071429,Single Family,New Haven,-73.1511642,41.4515911
2010,11/12/2010,Shelton,202090.0,548900.0,0.368172709,Condo,Fairfield,-73.0977354,41.3081202
2012,06/19/2013,Windsor,140420.0,137900.0,1.018274112,Single Family,Hartford,-72.665354,41.8112539
2017,02/26/2018,Southington,92320.0,163900.0,0.5632,Condo,Hartford,-72.8583905,41.6010265
2007,02/28/2008,Scotland,96980.0,150000.0,0.646533333,Single Family,Windham,-72.1128488,41.7172965
2020,03/09/2021,Waterford,88560.0,159500.0,0.55523511,Residential,New London,-72.1363483,41.3411681
2006,11/22/2006,Bridgeport,103025.0,212000.0,0.485966981,Condo,Fairfield,-73.2220581,41.2193324
2006,02/23/2007,Bristol,40000.0,93000.0,0.430107527,Condo,Hartford,-72.9038543,41.658129
2013,06/17/2014,Brookfield,221640.0,350000.0,0.633257143,Single Family,Fairfield,-73.3670704,41.4491255
2013,08/11/2014,Hartford,126844.0,410000.0,0.30937561,Single Family,Hartford,-72.7095545,41.7771661
2009,12/29/2009,Norwich,110000.0,127500.0,0.862745098,Single Family,New London,-72.0895667,41.5092476
2010,11/18/2010,Bridgeport,139700.0,134900.0,1.035581913,Single Family,Fairfield,-73.2163359,41.2037032
2010,07/25/2011,Monroe,289940.0,412500.0,0.702884848,Condo,Fairfield,-73.2483157,41.323681
2006,12/01/2006,Darien,391510.0,750000.0,0.522013333,Single Family,Fairfield,-73.4963459,41.0582187
2008,07/22/2009,South Windsor,207450.0,300000.0,0.6915,Single Family,Hartford,-72.5449994,41.8182682
2016,07/07/2017,Stamford,87330.0,165000.0,0.529272727,Condo,Fairfield,-73.5342525,41.0567387
2008,07/13/2009,Newington,187060.0,295000.0,0.634101695,Single Family,Hartford,-72.7445121,41.6663492
2017,04/02/2018,Stratford,219800.0,450000.0,0.488444444,Single Family,Fairfield,-73.1069408,41.2419711
2011,10/07/2011,Madison,387400.0,436350.0,0.887819411,Single Family,New Haven,-72.6277521,41.2799088
2013,08/28/2014,Stratford,220430.0,260000.0,0.847807692,Single Family,Fairfield,-73.1489976,41.2032788
2016,07/07/2017,Farmington,79030.0,127000.0,0.622283465,Condo,Hartford,-72.796974,41.7398602
2017,02/20/2018,Milford,7700.0,12000.0,0.6416,Condo,New Haven,-73.1053314,41.221405
2013,04/07/2014,Bristol,123270.0,150000.0,0.8218,Single Family,Hartford,-72.8875237,41.6524055
2019,07/24/2020,Waterford,145790.0,124950.0,1.1668,Single Family,New London,-72.1188034,41.3766058
2016,11/23/2016,Newtown,284330.0,515000.0,0.552097087,Single Family,Fairfield,-73.3123996,41.404165
2019,05/06/2020,Wethersfield,164510.0,279900.0,0.5877,Single Family,Hartford,-72.6814278,41.7054795
2020,09/17/2021,New Canaan,231980.0,385000.0,0.6025,Residential,Fairfield,-73.4941,41.1517961
2019,02/14/2020,Hamden,77420.0,85400.0,0.9066,Single Family,New Haven,-72.9413374,41.3576662
2017,07/23/2018,Woodbridge,251160.0,445000.0,0.5644,Single Family,New Haven,-73.0206265,41.3129271
2013,07/17/2014,East Hartford,152640.0,150000.0,1.0176,Single Family,Hartford,-72.6323256,41.7863995
2016,10/12/2016,Newington,131560.0,200000.0,0.6578,Single Family,Hartford,-72.7424804,41.6947351
2013,10/29/2013,Thompson,219100.0,325000.0,0.674153846,Single Family,Windham,-71.8392748,42.0125119
2019,06/29/2020,Burlington,237790.0,335500.0,0.7088,Single Family,Hartford,-73.013385,41.784487
2010,10/04/2010,Stratford,198100.0,240000.0,0.825416667,Single Family,Fairfield,-73.1554742,41.2161073
2013,08/12/2014,Cromwell,161060.0,192000.0,0.838854167,Single Family,Middlesex,-72.6243104,41.6115914
2015,03/30/2016,Brookfield,282340.0,415000.0,0.680337349,Single Family,Fairfield,-73.3877929,41.4624296
2010,10/27/2010,Manchester,267400.0,566442.0,0.472069515,Single Family,Hartford,-72.5624901,41.7403737
2010,01/31/2011,Old Lyme,201500.0,370000.0,0.544594595,Single Family,New London,-72.2848371,41.2836091
2017,10/02/2017,Woodbridge,345240.0,440000.0,0.784636364,Single Family,New Haven,-73.0122319,41.3685836
2014,04/10/2015,Montville,190390.0,275000.0,0.692327273,Single Family,New London,-72.194869,41.463449
2013,07/03/2014,Hamden,185570.0,170000.0,1.091588235,Single Family,New Haven,-72.9089129,41.4503523
2011,06/22/2012,Simsbury,217360.0,260000.0,0.836,Single Family,Hartford,-72.7656598,41.911593
2012,08/28/2013,East Hampton,274250.0,452500.0,0.606077348,Single Family,Middlesex,-72.5081196,41.6116933
2016,02/15/2017,Shelton,233240.0,340000.0,0.686,Condo,Fairfield,-73.128574,41.3173119
2013,09/29/2014,Brookfield,207330.0,359000.0,0.577520891,Single Family,Fairfield,-73.3788134,41.4699253
2007,06/11/2008,New Haven,149380.0,280000.0,0.5335,Condo,New Haven,-72.9250968,41.3037232
2011,08/31/2012,Bethel,217490.0,237000.0,0.917679325,Condo,Fairfield,-73.41048,41.3779287
2017,06/13/2018,East Lyme,137690.0,245000.0,0.562,Single Family,New London,-72.2100763,41.3116868
2020,05/13/2021,Enfield,267370.0,433250.0,0.6171,Residential,Hartford,-72.5104659,42.002608
2017,03/01/2018,Norwalk,203900.0,361000.0,0.5648,Two Family,Fairfield,-73.4336055,41.1071472
2017,03/06/2018,West Hartford,264530.0,360000.0,0.7348,Single Family,Hartford,-72.7201762,41.7869976
2017,07/25/2018,West Hartford,126700.0,171000.0,0.7409,Single Family,Hartford,-72.7374009,41.7407304
2009,06/03/2010,Wethersfield,138900.0,229900.0,0.604175729,Single Family,Hartford,-72.6664626,41.7168377
2007,09/30/2008,Newington,83580.0,132000.0,0.633181818,Condo,Hartford,-72.7097623,41.6759015
2020,09/10/2021,Naugatuck,119380.0,210000.0,0.5684,Residential,New Haven,-73.0284673,41.5170779
2011,07/27/2012,Woodbury,313820.0,301720.0,1.040103407,Single Family,Litchfield,-73.1859187,41.6009894
2009,07/30/2010,Manchester,182500.0,280000.0,0.651785714,Single Family,Hartford,-72.4807105,41.8113695
2019,01/14/2020,Shelton,154490.0,262500.0,0.5885,Single Family,Fairfield,-73.114007,41.270264
2014,01/16/2015,Meriden,115850.0,170000.0,0.681470588,Single Family,New Haven,-72.7797419,41.5187243
2017,06/11/2018,Bloomfield,156100.0,275000.0,0.5676,Single Family,Hartford,-72.7172437,41.8375206
2019,09/02/2020,Norwich,100100.0,149900.0,0.6678,Single Family,New London,-72.1293719,41.5512999
2018,11/27/2018,West Hartford,211680.0,300000.0,0.7056,Single Family,Hartford,-72.7543936,41.7580051
2014,06/08/2015,West Hartford,371910.0,610000.0,0.609688525,Condo,Hartford,-72.7419383,41.7593442
2010,04/14/2011,Milford,165320.0,150000.0,1.102133333,Single Family,New Haven,-73.1025728,41.2154284
2007,11/09/2007,Windham,37380.0,69900.0,0.534763948,Single Family,Windham,-72.1900064,41.7347937
2009,10/08/2009,Bethel,217420.0,225000.0,0.966311111,Single Family,Fairfield,-73.3886678,41.4067216
2011,05/30/2012,Redding,421100.0,709691.0,0.593356827,Single Family,Fairfield,-73.364123,41.3385785
2008,07/09/2009,West Hartford,301300.0,475000.0,0.634315789,Single Family,Hartford,-72.7685225,41.7383532
2018,05/23/2019,Danbury,258400.0,368000.0,0.7021,Single Family,Fairfield,-73.5027432,41.4124596
2015,06/09/2016,Suffield,98980.0,130000.0,0.761384615,Condo,Hartford,-72.646283,41.981273
2011,06/04/2012,Norwalk,310660.0,460000.0,0.675347826,Single Family,Fairfield,-73.3955388,41.1190316
2008,01/05/2009,East Hampton,177400.0,237500.0,0.746947368,Single Family,Middlesex,-72.5085355,41.5739548
2019,04/20/2020,Simsbury,179390.0,239900.0,0.7477,Single Family,Hartford,-72.8127508,41.9147394
2017,09/04/2018,North Haven,180320.0,235000.0,0.767319149,Single Family,New Haven,-72.8559477,41.4276502
2011,02/23/2012,North Branford,162400.0,158500.0,1.024605678,Single Family,New Haven,-72.7525928,41.4093884
2020,10/20/2020,Old Saybrook,222100.0,385000.0,0.576883117,Residential,Middlesex,-72.3744253,41.2941617
2006,07/09/2007,Southbury,253430.0,508000.0,0.498877953,Single Family,New Haven,-73.1829113,41.5054497
2016,04/28/2017,Windham,44170.0,60000.0,0.736166667,Single Family,Windham,-72.1570219,41.6998208
2012,08/12/2013,Glastonbury,239300.0,405000.0,0.590864198,Single Family,Hartford,-72.546871,41.6837038
2019,08/25/2020,Burlington,315840.0,472000.0,0.6692,Single Family,Hartford,-72.9939364,41.7759893
2018,01/23/2019,Middletown,181360.0,259000.0,0.7002,Single Family,Middlesex,-72.6144354,41.5382993
2006,05/11/2007,Bristol,99440.0,257000.0,0.38692607,Two Family,Hartford,-72.9486746,41.6632568
2017,05/25/2018,Cheshire,132000.0,231000.0,0.5714,Single Family,New Haven,-72.9162267,41.4719222
2020,10/26/2020,Trumbull,142450.0,272000.0,0.5237,Residential,Fairfield,-73.1896519,41.2234262
2020,10/05/2020,Middlebury,213400.0,412500.0,0.5173,Residential,New Haven,-73.1105491,41.5204432
2017,09/27/2018,East Haven,76960.0,140000.0,0.5497,Condo,New Haven,-72.8487324,41.3234925
2016,09/22/2017,Norwich,76500.0,148300.0,0.515846258,Single Family,New London,-72.0567485,41.5669103
2013,06/13/2014,Coventry,180800.0,192000.0,0.941666667,Single Family,Tolland,-72.3770576,41.8201152
2010,07/26/2011,Stratford,118360.0,129900.0,0.911162433,Single Family,Fairfield,-73.1450432,41.1975879
2009,07/16/2010,New Britain,94640.0,121000.0,0.78214876,Single Family,Hartford,-72.8091039,41.6882064
2009,06/14/2010,Norwich,125000.0,165000.0,0.757575758,Single Family,New London,-72.1208559,41.5622642
2006,03/06/2007,East Windsor,103820.0,237000.0,0.438059072,Single Family,Hartford,-72.5444911,41.9144814
2017,08/02/2018,Old Saybrook,235000.0,359100.0,0.654413812,Single Family,Middlesex,-72.3740056,41.2840033
2020,10/26/2020,Danbury,105400.0,216500.0,0.4868,Residential,Fairfield,-73.4630825,41.3881594
2020,05/27/2021,Cromwell,136360.0,238000.0,0.5729,Residential,Middlesex,-72.6586563,41.5934722
2019,05/04/2020,Shelton,104090.0,175000.0,0.5948,Condo,Fairfield,-73.0927729,41.3184619
2019,08/27/2020,Danbury,106900.0,175000.0,0.6109,Condo,Fairfield,-73.4283686,41.4417056
2006,05/24/2007,Middletown,98640.0,233000.0,0.423347639,Single Family,Middlesex,-72.6670234,41.5239552
2019,07/02/2020,Stamford,202400.0,287500.0,0.704,Condo,Fairfield,-73.5546418,41.0679952
2007,09/10/2008,New Haven,108150.0,130000.0,0.831923077,Single Family,New Haven,-72.875617,41.3098031
2020,05/03/2021,Torrington,56560.0,105000.0,0.5386,Residential,Litchfield,-73.0780427,41.8051595
2014,04/14/2015,Newington,135690.0,187500.0,0.72368,Single Family,Hartford,-72.7246942,41.7223325
2012,03/28/2013,Portland,180250.0,259000.0,0.695945946,Single Family,Middlesex,-72.6257194,41.5828711
2016,07/17/2017,East Granby,200500.0,215000.0,0.93255814,Single Family,Hartford,-72.7203147,41.9626613
2016,08/16/2017,Southington,186670.0,315000.0,0.592603175,Two Family,Hartford,-72.8745555,41.5759595
2018,07/18/2019,Ansonia,187300.0,300000.0,0.6243,Single Family,New Haven,-73.055124,41.3328871
2015,08/15/2016,Canton,423870.0,625000.0,0.678192,Single Family,Hartford,-72.9011373,41.8166247
2007,03/28/2008,Prospect,227520.0,310000.0,0.733935484,Single Family,New Haven,-72.9544269,41.5166133
2018,09/24/2019,West Hartford,282660.0,280000.0,1.0095,Single Family,Hartford,-72.7226699,41.7657183
2020,07/06/2021,Madison,213200.0,429000.0,0.4969,Residential,New Haven,-72.598831,41.3086052
2007,01/31/2008,North Haven,215250.0,480000.0,0.4484375,Single Family,New Haven,-72.8476016,41.370486
2019,02/11/2020,Meriden,119070.0,170000.0,0.7004,Single Family,New Haven,-72.7784491,41.5440447
2006,04/02/2007,Newington,150960.0,276750.0,0.545474255,Single Family,Hartford,-72.7209151,41.6980582
2006,10/17/2006,Windsor,105070.0,275190.0,0.381808932,Condo,Hartford,-72.6928257,41.8808745
2014,03/25/2015,Westport,331300.0,490000.0,0.676122449,Single Family,Fairfield,-73.3701558,41.1510884
2008,12/29/2008,Wallingford,57050.0,80000.0,0.713125,Condo,New Haven,-72.80213,41.44395
2015,03/08/2016,North Haven,179900.0,250000.0,0.7196,Single Family,New Haven,-72.8892774,41.3641897
2014,05/12/2015,Stamford,182250.0,327500.0,0.55648855,Condo,Fairfield,-73.5424583,41.0632611
2009,08/12/2010,Bristol,176750.0,227000.0,0.778634361,Condo,Hartford,-72.8954935,41.6566508
2019,12/12/2019,Middletown,105860.0,164900.0,0.642,Condo,Middlesex,-72.677128,41.523745
2015,07/25/2016,South Windsor,135700.0,240000.0,0.565416667,Single Family,Hartford,-72.5530864,41.8476424
2011,09/11/2012,Avon,254890.0,324000.0,0.786697531,Single Family,Hartford,-72.8893697,41.7860232
2013,11/25/2013,Danbury,139000.0,219000.0,0.634703196,Condo,Fairfield,-73.4252867,41.3830649
2007,04/28/2008,Colchester,158700.0,235000.0,0.675319149,Single Family,New London,-72.3545372,41.5654569
2011,06/05/2012,Woodbridge,342650.0,460000.0,0.744891304,Single Family,New Haven,-73.0129238,41.3702108
2009,10/01/2009,Colchester,279100.0,371362.0,0.751557779,Single Family,New London,-72.4096094,41.600886
2007,08/14/2008,Branford,166000.0,217000.0,0.764976959,Single Family,New Haven,-72.8217063,41.2695567
2011,11/01/2011,Portland,130270.0,187500.0,0.694773333,Single Family,Middlesex,-72.6294152,41.5846189
2020,02/19/2021,Rocky Hill,278390.0,505000.0,0.5512,Residential,Hartford,-72.6995327,41.6649985
2006,10/05/2006,Bridgeport,76717.0,187450.0,0.409266471,Condo,Fairfield,-73.202707,41.1937252
2006,06/12/2007,Bozrah,106850.0,210000.0,0.508809524,Single Family,New London,-72.2052643,41.5295586
2014,05/08/2015,Plainville,158150.0,229000.0,0.690611354,Single Family,Hartford,-72.8559558,41.6803421
2018,08/28/2019,Newtown,377440.0,530000.0,0.7121,Single Family,Fairfield,-73.2459658,41.3798339
2009,12/16/2009,East Hartford,125480.0,153000.0,0.820130719,Single Family,Hartford,-72.58787,41.7877006
2008,12/22/2008,Durham,190050.0,287000.0,0.662195122,Single Family,Middlesex,-72.7119559,41.4322964
2016,05/12/2017,Guilford,409250.0,665000.0,0.615413534,Condo,New Haven,-72.6831841,41.2771625
2020,05/06/2021,Meriden,96950.0,210000.0,0.4616,Residential,New Haven,-72.7655675,41.542934
2020,06/28/2021,Shelton,210700.0,415000.0,0.5077,Residential,Fairfield,-73.0972255,41.3062511
2013,07/21/2014,Stamford,85200.0,152500.0,0.558688525,Condo,Fairfield,-73.5407777,41.0579635
2006,05/15/2007,Fairfield,271950.0,360000.0,0.755416667,Condo,Fairfield,-73.2328476,41.169802
2017,10/05/2017,Milford,175480.0,230000.0,0.762956522,Single Family,New Haven,-73.0042522,41.2337797
2016,11/02/2016,Torrington,8680.0,15000.0,0.578666667,Condo,Litchfield,-73.1139543,41.8725997
2008,07/14/2009,Waterbury,31370.0,35000.0,0.896285714,Condo,New Haven,-73.0252041,41.5385489
2018,05/01/2019,Plainville,129850.0,190000.0,0.6834,Single Family,Hartford,-72.8921218,41.6930193
2013,11/12/2013,Greenwich,423220.0,400000.0,1.05805,Two Family,Fairfield,-73.6348091,41.0226887
2018,04/03/2019,Glastonbury,385400.0,545000.0,0.7071,Single Family,Hartford,-72.5596252,41.6807824
2009,05/03/2010,South Windsor,179200.0,238500.0,0.751362683,Single Family,Hartford,-72.5392691,41.8190688
2014,10/14/2014,Waterford,168020.0,253000.0,0.664110672,Single Family,New London,-72.1860617,41.3614062
2007,02/01/2008,Windsor Locks,90200.0,165000.0,0.546666667,Condo,Hartford,-72.6406028,41.9041262
2009,04/27/2010,West Haven,118580.0,141000.0,0.840992908,Single Family,New Haven,-72.9649493,41.293243
2018,05/30/2019,New Haven,44030.0,104000.0,0.4233,Two Family,New Haven,-72.898337,41.320981
2020,04/29/2021,East Haddam,163110.0,300000.0,0.5437,Residential,Middlesex,-72.3733582,41.465558
2018,08/30/2019,Newtown,333480.0,475000.0,0.702,Single Family,Fairfield,-73.2737949,41.4163464
2020,10/08/2020,Stonington,45500.0,60000.0,0.7583,Vacant Land,New London,-71.8452686,41.3940922
2013,09/29/2014,Wolcott,162110.0,231580.0,0.700017273,Single Family,New Haven,-73.008986,41.6040051
2020,10/05/2020,Trumbull,291410.0,515000.0,0.5658,Residential,Fairfield,-73.2420031,41.2803333
2010,07/08/2011,Newington,183250.0,264000.0,0.694128788,Single Family,Hartford,-72.7142188,41.6813733
2012,08/30/2013,Woodstock,80700.0,105000.0,0.768571429,Condo,Windham,-71.9565324,41.9460995
2007,07/31/2008,Ledyard,172200.0,253000.0,0.680632411,Single Family,New London,-72.0012819,41.4460633
2019,12/09/2019,Portland,147610.0,192000.0,0.7688,Single Family,Middlesex,-72.6408139,41.5726229
2019,04/07/2020,Newtown,140920.0,258000.0,0.5462,Single Family,Fairfield,-73.3251128,41.4150014
2006,06/01/2007,Stratford,211260.0,340000.0,0.621352941,Single Family,Fairfield,-73.1378418,41.2308103
2014,11/18/2014,Waterbury,108220.0,139900.0,0.773552538,Single Family,New Haven,-73.0191966,41.5199247
2010,12/29/2010,Portland,177870.0,185000.0,0.961459459,Three Family,Middlesex,-72.6166645,41.5949419
2014,02/20/2015,Ridgefield,409830.0,500000.0,0.81966,Single Family,Fairfield,-73.5021449,41.2901927
2016,06/28/2017,New Britain,99960.0,210000.0,0.476,Single Family,Hartford,-72.7728626,41.6973393
2019,01/23/2020,Suffield,131260.0,185000.0,0.7095,Single Family,Hartford,-72.6521715,42.0162873
2008,01/22/2009,West Hartford,267400.0,315000.0,0.848888889,Single Family,Hartford,-72.7266414,41.7765992
2008,07/16/2009,Tolland,201100.0,270000.0,0.744814815,Single Family,Tolland,-72.4202897,41.8456491
2013,11/20/2013,Danbury,457200.0,575000.0,0.795130435,Single Family,Fairfield,-73.43425,41.4515273
2020,01/12/2021,Simsbury,234320.0,394000.0,0.5947,Residential,Hartford,-72.8315385,41.909642
2016,02/21/2017,Ledyard,155470.0,253000.0,0.614505929,Single Family,New London,-71.9945681,41.476861
2020,04/28/2021,Trumbull,298060.0,580000.0,0.5138,Residential,Fairfield,-73.2052756,41.2621011
2018,06/20/2019,Brookfield,275840.0,440000.0,0.6269,Single Family,Fairfield,-73.3727808,41.4524069
2019,10/15/2019,Danbury,203100.0,278000.0,0.7306,Condo,Fairfield,-73.4167484,41.3978435
2017,11/21/2017,Seymour,208810.0,335000.0,0.623313433,Single Family,New Haven,-73.0474918,41.4005964
2013,04/03/2014,Cornwall,300500.0,335000.0,0.897014925,Single Family,Litchfield,-73.3299031,41.893532
2013,10/09/2013,Southbury,94900.0,132500.0,0.716226415,Condo,New Haven,-73.2471754,41.4869114
2006,06/07/2007,South Windsor,125250.0,244900.0,0.511433238,Condo,Hartford,-72.578955,41.8203482
2014,01/30/2015,Cheshire,248780.0,350000.0,0.7108,Single Family,New Haven,-72.9291465,41.4889666
2019,03/02/2020,Wethersfield,137060.0,199900.0,0.6856,Single Family,Hartford,-72.6927897,41.705576
2009,06/01/2010,Norwalk,244160.0,351300.0,0.695018503,Single Family,Fairfield,-73.4223719,41.1318665
2015,12/28/2015,Guilford,241020.0,309900.0,0.777734753,Single Family,New Haven,-72.7187446,41.2682791
2012,09/13/2013,East Lyme,197750.0,289000.0,0.684256055,Single Family,New London,-72.1987402,41.3309263
2020,06/17/2021,Goshen,414330.0,915000.0,0.4528,Residential,Litchfield,-73.216745,41.827647
2011,05/30/2012,New Britain,110110.0,110000.0,1.001,Single Family,Hartford,-72.7647183,41.6619692
2014,06/10/2015,East Haven,255710.0,330000.0,0.774878788,Single Family,New Haven,-72.8593712,41.2587835
2018,05/28/2019,Branford,285000.0,262500.0,1.0857,Single Family,New Haven,-72.8118737,41.2721641
2019,09/11/2020,Newtown,340590.0,566000.0,0.6017,Single Family,Fairfield,-73.2939273,41.3843951
2015,10/23/2015,Plainville,33600.0,41191.0,0.81571217,Condo,Hartford,-72.848309,41.6800778
2014,04/17/2015,Thomaston,173880.0,197400.0,0.880851064,Condo,Litchfield,-73.0834607,41.6842829
2015,07/27/2016,East Hartford,95950.0,120000.0,0.799583333,Single Family,Hartford,-72.5794252,41.7551871
2019,07/15/2020,Fairfield,268800.0,355000.0,0.7572,Single Family,Fairfield,-73.2424676,41.1831999
2010,05/26/2011,Bristol,149170.0,167000.0,0.893233533,Single Family,Hartford,-72.966933,41.668264
2010,09/06/2011,Hartford,32873.0,33000.0,0.996151515,Single Family,Hartford,-72.70489,41.8051581
2010,11/23/2010,Newington,140910.0,198000.0,0.711666667,Condo,Hartford,-72.7092562,41.6778724
2009,08/02/2010,Ellington,135810.0,222500.0,0.610382022,Two Family,Tolland,-72.4612035,41.8777219
2013,07/15/2014,New Haven,116450.0,189900.0,0.613217483,Single Family,New Haven,-72.9815569,41.3275352
2013,04/08/2014,New Britain,93170.0,163400.0,0.570195838,Single Family,Hartford,-72.795162,41.6579973
2019,06/24/2020,Naugatuck,137800.0,187000.0,0.7369,Single Family,New Haven,-73.042949,41.4943625
2020,12/14/2020,Monroe,160000.0,242000.0,0.6611,Residential,Fairfield,-73.196434,41.3649076
2020,03/12/2021,New Haven,132580.0,195000.0,0.679897436,Residential,New Haven,-72.9462619,41.3051008
2020,03/23/2021,Windsor,23590.0,27500.0,0.8578,Residential,Hartford,-72.6290131,41.8741586
2013,10/24/2013,Simsbury,131570.0,114500.0,1.149082969,Single Family,Hartford,-72.8163407,41.842115
2013,01/31/2014,New Milford,230720.0,375000.0,0.615253333,Single Family,Litchfield,-73.3602085,41.6357187
2012,07/19/2013,East Hartford,85850.0,116000.0,0.740086207,Single Family,Hartford,-72.5839533,41.7772494
2014,12/05/2014,Suffield,201320.0,309500.0,0.650468498,Single Family,Hartford,-72.6141698,42.0183588
2012,07/26/2013,Norwich,256000.0,360000.0,0.711111111,Single Family,New London,-72.0982688,41.5598547
2017,09/24/2018,Wallingford,37400.0,35000.0,1.0685,Single Family,New Haven,-72.8299427,41.4729398
2007,03/11/2008,Wallingford,136150.0,186000.0,0.731989247,Single Family,New Haven,-72.8200436,41.4606938
2020,12/03/2020,Windham,117100.0,225000.0,0.5204,Residential,Windham,-72.2225687,41.7268347
2006,08/27/2007,Danbury,109400.0,263000.0,0.415969582,Condo,Fairfield,-73.4683153,41.4193171
2015,08/15/2016,Stamford,376310.0,420000.0,0.89597619,Single Family,Fairfield,-73.5300317,41.034746
2011,11/15/2011,Bridgeport,132250.0,129500.0,1.021235521,Single Family,Fairfield,-73.2174419,41.1925228
2014,06/23/2015,Shelton,210700.0,355000.0,0.593521127,Single Family,Fairfield,-73.1533307,41.3416234
2009,05/07/2010,Watertown,172300.0,255000.0,0.675686275,Single Family,Litchfield,-73.1041865,41.5838037
2013,04/28/2014,Bristol,205590.0,220000.0,0.9345,Single Family,Hartford,-72.9656643,41.6559011
2009,11/24/2009,Monroe,292250.0,433000.0,0.674942263,Condo,Fairfield,-73.2469334,41.3252663
2019,09/03/2020,Bristol,106960.0,280000.0,0.382,Two Family,Hartford,-72.9541536,41.6701793
2016,08/30/2017,Middletown,63390.0,77500.0,0.817935484,Condo,Middlesex,-72.7099853,41.5870369
2015,03/15/2016,Stamford,368070.0,519000.0,0.709190751,Condo,Fairfield,-73.5459318,41.1076261
2013,08/22/2014,Middlebury,296200.0,449900.0,0.658368526,Single Family,New Haven,-73.1275152,41.4942104
2007,10/29/2007,East Hartford,85070.0,78100.0,1.089244558,Single Family,Hartford,-72.6423616,41.7751777
2017,12/01/2017,East Hampton,146140.0,136900.0,1.067494522,Single Family,Middlesex,-72.4446538,41.5234246
2020,07/27/2021,Farmington,174630.0,342000.0,0.5106,Residential,Hartford,-72.8075258,41.7225816
2019,08/25/2020,Killingworth,363170.0,460000.0,0.7895,Single Family,Middlesex,-72.5403782,41.3354462
2008,10/17/2008,East Hampton,234340.0,325000.0,0.721046154,Single Family,Middlesex,-72.5034875,41.6359642
2020,07/16/2021,Milford,138870.0,241000.0,0.5762,Residential,New Haven,-73.0877946,41.1954601
2016,04/07/2017,Guilford,279700.0,425000.0,0.658117647,Single Family,New Haven,-72.6527668,41.320036
2006,04/13/2007,Waterbury,72380.0,180000.0,0.402111111,Two Family,New Haven,-73.0404816,41.5609228
2011,09/25/2012,Waterbury,108080.0,124900.0,0.865332266,Single Family,New Haven,-73.003468,41.5617421
2009,07/01/2010,Prospect,250450.0,360687.0,0.694369356,Condo,New Haven,-73.0236088,41.5587804
2020,07/01/2021,Barkhamsted,120860.0,225000.0,0.5371,Residential,Litchfield,-72.9321457,41.9103905
2018,06/17/2019,Berlin,175000.0,225900.0,0.7746,Single Family,Hartford,-72.7210998,41.6404916
2012,03/14/2013,Fairfield,328930.0,650000.0,0.506046154,Single Family,Fairfield,-73.2521401,41.1364264
2017,07/13/2018,New London,173250.0,320000.0,0.54140625,Single Family,New London,-72.0978985,41.3310724
2017,08/23/2018,Bloomfield,216160.0,325000.0,0.6651,Condo,Hartford,-72.7461528,41.8228693
2011,09/17/2012,Orange,348000.0,452500.0,0.769060773,Single Family,New Haven,-73.0265277,41.278637
2008,08/04/2009,Wallingford,134680.0,164000.0,0.821219512,Single Family,New Haven,-72.8335695,41.4544618
2020,08/17/2021,Waterbury,66750.0,85000.0,0.7852,Commercial,New Haven,-73.0095889,41.5713524
2019,07/27/2020,Danbury,204200.0,429000.0,0.476,Condo,Fairfield,-73.470923,41.446332
2007,02/22/2008,Bloomfield,134340.0,240000.0,0.55975,Single Family,Hartford,-72.736108,41.8481074
2016,11/01/2016,Oxford,153400.0,219000.0,0.700456621,Single Family,New Haven,-73.1555318,41.3894299
2020,10/22/2020,Shelton,281540.0,524000.0,0.5372,Residential,Fairfield,-73.1712616,41.2695581
2006,06/22/2007,Waterbury,30380.0,114000.0,0.266491228,Condo,New Haven,-73.0787343,41.5786733
2020,12/03/2020,Stratford,170660.0,350000.0,0.4876,Residential,Fairfield,-73.1189518,41.1956378
2016,07/26/2017,East Hampton,158850.0,207500.0,0.765542169,Single Family,Middlesex,-72.4839923,41.5745789
2014,12/17/2014,Fairfield,259770.0,414500.0,0.626706876,Single Family,Fairfield,-73.2568859,41.169864
2015,09/19/2016,Beacon Falls,307660.0,460000.0,0.668826087,Single Family,New Haven,-73.0396515,41.4293968
2015,11/12/2015,Plainville,109060.0,114750.0,0.950413943,Single Family,Hartford,-72.8570173,41.6687016
2008,12/30/2008,Southington,211400.0,305000.0,0.693114754,Single Family,Hartford,-72.8859085,41.6128564
2015,05/10/2016,Meriden,109970.0,135000.0,0.814592593,Single Family,New Haven,-72.7783568,41.5490723
2009,11/10/2009,Beacon Falls,160890.0,170000.0,0.946411765,Condo,New Haven,-73.0616484,41.4474531
2018,06/12/2019,Southington,159650.0,251500.0,0.6347,Single Family,Hartford,-72.8873989,41.6001974
2017,10/16/2017,Fairfield,363440.0,690000.0,0.526724638,Single Family,Fairfield,-73.2601111,41.1967904
2015,03/28/2016,Middletown,187860.0,259600.0,0.723651772,Single Family,Middlesex,-72.6580196,41.537836
2014,02/04/2015,Pomfret,164000.0,266000.0,0.616541353,Single Family,Windham,-72.0274414,41.8978797
2011,08/24/2012,East Haddam,192300.0,190000.0,1.012105263,Single Family,Middlesex,-72.4230605,41.4935051
2011,01/03/2012,East Granby,247500.0,330000.0,0.75,Single Family,Hartford,-72.7284424,41.9715533
2019,02/25/2020,Hartford,42735.0,113000.0,0.3782,Single Family,Hartford,-72.7015648,41.7931374
2016,09/01/2017,Watertown,116000.0,160000.0,0.725,Single Family,Litchfield,-73.1152057,41.5960828
2015,08/25/2016,Cromwell,112440.0,175000.0,0.642514286,Condo,Middlesex,-72.6901519,41.6058089
2006,05/01/2007,Stratford,275800.0,462000.0,0.596969697,Single Family,Fairfield,-73.13092,41.2171384
2018,06/03/2019,Trumbull,244440.0,480000.0,0.5092,Single Family,Fairfield,-73.235971,41.2280973
2015,03/11/2016,Stamford,333050.0,415000.0,0.80253012,Three Family,Fairfield,-73.5241888,41.0424034
2012,03/25/2013,Norwalk,285670.0,330000.0,0.865666667,Single Family,Fairfield,-73.4128874,41.1351744
2009,02/26/2010,Naugatuck,160240.0,195000.0,0.82174359,Single Family,New Haven,-73.0654024,41.4898877
2007,10/31/2007,Shelton,158340.0,239900.0,0.66002501,Condo,Fairfield,-73.0927729,41.3184619
2017,07/12/2018,Bloomfield,130690.0,215000.0,0.6078,Single Family,Hartford,-72.7305435,41.8387467
2012,06/03/2013,Manchester,145200.0,198300.0,0.732223903,Condo,Hartford,-72.5262377,41.7873244
2020,01/29/2021,Naugatuck,99970.0,140000.0,0.714,Residential,New Haven,-73.0825155,41.4931637
2019,07/20/2020,Farmington,351690.0,385000.0,0.9135,Single Family,Hartford,-72.8130278,41.7298992
2013,01/27/2014,Bristol,103950.0,144900.0,0.717391304,Single Family,Hartford,-72.9386514,41.6815162
2009,05/21/2010,Norwalk,154630.0,129000.0,1.198682171,Condo,Fairfield,-73.416701,41.0978052
2011,06/28/2012,Bloomfield,118440.0,135000.0,0.877333333,Single Family,Hartford,-72.726761,41.816218
2015,01/11/2016,Milford,232940.0,365000.0,0.638191781,Single Family,New Haven,-73.0864404,41.2041479
2016,07/10/2017,Avon,126000.0,132000.0,0.954545455,Condo,Hartford,-72.8845222,41.7712031
2018,02/19/2019,East Granby,84600.0,128000.0,0.6609,Condo,Hartford,-72.7382737,41.9115328
2020,03/01/2021,Stratford,224980.0,443277.0,0.5075,Residential,Fairfield,-73.1150559,41.2332525
2015,05/17/2016,New Haven,213710.0,365000.0,0.585506849,Condo,New Haven,-72.9158889,41.305895
2016,04/18/2017,Cromwell,446600.0,590000.0,0.756949153,Condo,Middlesex,-72.6350807,41.634277
2017,08/02/2018,Brookfield,267010.0,395000.0,0.6759,Single Family,Fairfield,-73.4227403,41.4782488
2011,08/28/2012,Newtown,251410.0,315000.0,0.798126984,Single Family,Fairfield,-73.3016665,41.4083551
2019,04/14/2020,Southington,276580.0,435000.0,0.6358,Single Family,Hartford,-72.8501863,41.5641558
2018,10/18/2018,Newington,72070.0,80000.0,0.9008,Condo,Hartford,-72.72467,41.714476
2019,01/13/2020,Thomaston,69860.0,70200.0,0.995156695,Single Family,Litchfield,-73.0751376,41.6710058
2015,02/01/2016,Rocky Hill,209720.0,295000.0,0.710915254,Single Family,Hartford,-72.6837833,41.6657755
2008,07/30/2009,New Britain,125510.0,178000.0,0.70511236,Single Family,Hartford,-72.7951505,41.6892472
2020,06/08/2021,Suffield,334950.0,565000.0,0.5928,Residential,Hartford,-72.6557018,42.0043266
2020,11/05/2020,Milford,222090.0,435000.0,0.5105,Residential,New Haven,-73.0490366,41.2404791
2014,06/23/2015,Stamford,121110.0,157832.0,0.767334888,Condo,Fairfield,-73.5136039,41.0607149
2020,01/13/2021,Plainville,98000.0,189000.0,0.5185,Residential,Hartford,-72.8497248,41.6866874
2014,11/10/2014,Killingworth,285760.0,235000.0,1.216,Single Family,Middlesex,-72.6083947,41.4295824
2009,06/10/2010,Deep River,79900.0,79900.0,1.0,Two Family,Middlesex,-72.4371067,41.3906496
2018,03/04/2019,Newington,142080.0,150000.0,0.9472,Single Family,Hartford,-72.7111362,41.6905842
2020,05/18/2021,Bloomfield,355530.0,620000.0,0.5734,Residential,Hartford,-72.7722854,41.8064155
2019,11/01/2019,Waterford,233170.0,300000.0,0.7772,Single Family,New London,-72.1011848,41.3114741
2006,08/16/2007,Waterbury,69020.0,154900.0,0.445577792,Single Family,New Haven,-72.9980712,41.5579648
2020,12/01/2020,Simsbury,212390.0,332500.0,0.6387,Residential,Hartford,-72.8640328,41.846484
2012,07/08/2013,Fairfield,282100.0,435000.0,0.648505747,Single Family,Fairfield,-73.2493755,41.1987428
2020,06/03/2021,Monroe,266500.0,510000.0,0.5225,Residential,Fairfield,-73.174949,41.3759457
2011,06/18/2012,Stratford,177310.0,232500.0,0.762623656,Single Family,Fairfield,-73.1369313,41.213829
2009,10/09/2009,East Hampton,210550.0,250000.0,0.8422,Single Family,Middlesex,-72.493699,41.5938864
2014,05/01/2015,Manchester,96000.0,154000.0,0.623376623,Single Family,Hartford,-72.5134346,41.7828688
2020,01/25/2021,Burlington,292810.0,505000.0,0.5798,Residential,Hartford,-72.9387437,41.7720366
2009,10/16/2009,Fairfield,244510.0,270500.0,0.903918669,Single Family,Fairfield,-73.230391,41.1782944
2019,06/23/2020,Seymour,195650.0,289900.0,0.6749,Condo,New Haven,-73.0780443,41.3993274
2010,02/24/2011,Newington,200350.0,277000.0,0.723285199,Single Family,Hartford,-72.7084692,41.6749454
2012,04/29/2013,Cheshire,227680.0,418000.0,0.544688995,Single Family,New Haven,-72.9062595,41.4928794
2012,09/18/2013,Stratford,270000.0,435000.0,0.620689655,Single Family,Fairfield,-73.1081516,41.1540855
2020,09/02/2021,Putnam,135500.0,155000.0,0.874193548,Residential,Windham,-71.9200111,41.8726129
2019,09/11/2020,Stamford,109370.0,204000.0,0.5361,Condo,Fairfield,-73.5284247,41.0577472
2019,10/18/2019,Meriden,94360.0,80000.0,1.1795,Single Family,New Haven,-72.798209,41.5344954
2008,02/18/2009,Groton,311010.0,365000.0,0.852082192,Single Family,New London,-71.971462,41.3705371
2015,01/15/2016,East Haven,199150.0,290000.0,0.686724138,Condo,New Haven,-72.8620276,41.2468208
2020,10/02/2020,New Britain,107520.0,279000.0,0.3853,Residential,Hartford,-72.7963087,41.6718635
2012,07/15/2013,Enfield,102200.0,155000.0,0.659354839,Single Family,Hartford,-72.5739266,42.0257556
2020,02/23/2021,Norwalk,211370.0,355000.0,0.5954,Residential,Fairfield,-73.4274078,41.1587099
2020,09/09/2021,New Britain,28490.0,45000.0,0.6331,Residential,Hartford,-72.7832201,41.6478763
2019,06/10/2020,Stamford,459420.0,718000.0,0.6399,Single Family,Fairfield,-73.5695579,41.1485745
2020,05/19/2021,Norwich,75100.0,177000.0,0.4242,Residential,New London,-72.0878541,41.5197191
2014,07/31/2015,Windham,82390.0,68775.0,1.197964377,Three Family,Windham,-72.2051718,41.7147092
2009,11/17/2009,Torrington,143640.0,232500.0,0.617806452,Single Family,Litchfield,-73.1196317,41.8169528
2017,03/09/2018,Milford,133630.0,220000.0,0.6074,Condo,New Haven,-72.996464,41.232415
2019,05/11/2020,Ellington,189440.0,240000.0,0.7893,Single Family,Tolland,-72.4620818,41.9453437
2008,06/09/2009,Oxford,232010.0,255000.0,0.909843137,Single Family,New Haven,-73.1545753,41.3977072
2012,09/09/2013,Litchfield,113730.0,167000.0,0.681017964,Single Family,Litchfield,-73.103889,41.690753
2006,06/22/2007,Thompson,128000.0,230000.0,0.556521739,Single Family,Windham,-71.9123229,42.0061909
2009,07/28/2010,Wallingford,205310.0,279900.0,0.733511969,Single Family,New Haven,-72.8736325,41.4628736
2012,08/30/2013,Bloomfield,199570.0,270000.0,0.739148148,Single Family,Hartford,-72.7617352,41.8429013
2018,12/06/2018,East Windsor,143160.0,255000.0,0.561411765,Single Family,Hartford,-72.5587241,41.9110987
2017,05/22/2018,Montville,241210.0,373000.0,0.646675603,Single Family,New London,-72.1614824,41.4786358
2011,08/23/2012,South Windsor,265580.0,270000.0,0.98362963,Single Family,Hartford,-72.5294255,41.8523067
2008,08/14/2009,Plainfield,123550.0,163000.0,0.75797546,Single Family,Windham,-71.9504381,41.6448201
2018,03/01/2019,Guilford,355340.0,750000.0,0.4737,Single Family,New Haven,-72.7225083,41.2620602
2007,07/15/2008,Bridgeport,121320.0,253000.0,0.479525692,Three Family,Fairfield,-73.1556523,41.1824541
2019,11/01/2019,Fairfield,301210.0,427500.0,0.7046,Single Family,Fairfield,-73.2310361,41.1986034
2018,10/26/2018,Hartford,11935.0,31000.0,0.385,Condo,Hartford,-72.670972,41.7357568
2018,06/14/2019,West Haven,88620.0,75000.0,1.1816,Single Family,New Haven,-72.9613452,41.2978299
2010,01/05/2011,Windsor,127890.0,170000.0,0.752294118,Single Family,Hartford,-72.6298772,41.8897019
2009,10/01/2009,Middlebury,212700.0,268000.0,0.793656716,Single Family,New Haven,-73.0925617,41.5233009
2007,04/08/2008,Southington,193340.0,313750.0,0.616223108,Single Family,Hartford,-72.8572943,41.5631596
2020,09/03/2021,Hebron,171530.0,435000.0,0.3943,Residential,Tolland,-72.3432531,41.6250919
2009,02/26/2010,Hartford,35810.0,29900.0,1.197658863,Two Family,Hartford,-72.6882635,41.7745127
2013,10/04/2013,Waterbury,139460.0,122000.0,1.143114754,Single Family,New Haven,-73.0696963,41.5726809
2020,05/18/2021,Bethel,184030.0,355000.0,0.5183,Residential,Fairfield,-73.3994887,41.3892022
2015,11/17/2015,Norwalk,272430.0,375000.0,0.72648,Single Family,Fairfield,-73.4331911,41.1120636
2011,04/13/2012,New Milford,181580.0,239808.0,0.757189085,Single Family,Litchfield,-73.3906478,41.6174738
2012,03/20/2013,Shelton,96390.0,125000.0,0.77112,Condo,Fairfield,-73.134411,41.269654
2006,08/30/2007,Clinton,210900.0,283900.0,0.742867207,Single Family,Middlesex,-72.5288034,41.2882208
2016,08/08/2017,Madison,291100.0,357000.0,0.815406162,Single Family,New Haven,-72.613061,41.2810552
2020,01/28/2021,Farmington,144840.0,252500.0,0.5736,Residential,Hartford,-72.8756632,41.7336846
2008,09/29/2009,Glastonbury,121600.0,188000.0,0.646808511,Condo,Hartford,-72.5911275,41.7229735
2018,06/26/2019,Plymouth,193260.0,325000.0,0.5946,Single Family,Litchfield,-73.0362617,41.6851102
2020,12/16/2020,Bolton,125900.0,283500.0,0.444,Residential,Tolland,-72.4134932,41.7735506
2014,04/13/2015,Norwich,55600.0,117530.0,0.473070705,Single Family,New London,-72.0575772,41.5324815
2013,06/03/2014,Meriden,80360.0,85000.0,0.945411765,Two Family,New Haven,-72.7986245,41.5429387
2011,03/12/2012,Waterbury,95400.0,84900.0,1.123674912,Single Family,New Haven,-73.0501434,41.5332642
2012,07/29/2013,Woodbury,255990.0,340000.0,0.752911765,Single Family,Litchfield,-73.2249995,41.5710336
2006,11/21/2006,Norwalk,182840.0,321000.0,0.569595016,Single Family,Fairfield,-73.431764,41.0960005
2014,11/14/2014,Newington,66210.0,75000.0,0.8828,Condo,Hartford,-72.7217663,41.716374
2012,09/12/2013,Glastonbury,215600.0,299000.0,0.721070234,Single Family,Hartford,-72.596112,41.6550988
2020,04/26/2021,Windham,80830.0,145000.0,0.5574,Residential,Windham,-72.2133151,41.7175536
2009,05/27/2010,East Hampton,297890.0,459000.0,0.648997821,Single Family,Middlesex,-72.4499702,41.5333119
2006,10/10/2006,Old Saybrook,281800.0,465000.0,0.606021505,Single Family,Middlesex,-72.4304609,41.3146711
2018,07/12/2019,Middletown,91430.0,139500.0,0.6554,Single Family,Middlesex,-72.7078382,41.5871489
2020,06/17/2021,Southbury,119360.0,360000.0,0.331555556,Residential,New Haven,-73.2270824,41.4826571
2017,03/20/2018,Madison,300700.0,385000.0,0.781,Single Family,New Haven,-72.6174961,41.3502225
2019,06/17/2020,Waterbury,87280.0,187500.0,0.4655,Two Family,New Haven,-72.997656,41.5495568
2007,09/26/2008,Stratford,89710.0,170000.0,0.527705882,Single Family,Fairfield,-73.131016,41.1768601
2016,11/17/2016,Fairfield,398230.0,590000.0,0.674966102,Single Family,Fairfield,-73.2667458,41.1500761
2013,08/18/2014,Orange,188800.0,310000.0,0.609032258,Single Family,New Haven,-73.0083262,41.2573701
2012,09/03/2013,Montville,209800.0,290000.0,0.723448276,Single Family,New London,-72.1820359,41.4655
2008,09/03/2009,Hamden,304360.0,315000.0,0.966222222,Single Family,New Haven,-72.9276254,41.3731526
2014,11/03/2014,New Milford,113750.0,130000.0,0.875,Condo,Litchfield,-73.396458,41.5572835
2010,12/06/2010,Branford,224400.0,200000.0,1.122,Single Family,New Haven,-72.8226757,41.2914573
2020,10/13/2020,West Hartford,148660.0,269900.0,0.5507,Residential,Hartford,-72.7354615,41.7238853
2020,05/21/2021,New Hartford,217455.0,425000.0,0.511658824,Residential,Litchfield,-73.0195195,41.829484
2008,03/16/2009,West Hartford,163600.0,195000.0,0.838974359,Single Family,Hartford,-72.7306589,41.7513591
2012,02/01/2013,Enfield,121400.0,166000.0,0.731325301,Single Family,Hartford,-72.603405,41.9638065
2013,04/28/2014,Haddam,216750.0,260000.0,0.833653846,Single Family,Middlesex,-72.5190269,41.4737113
2012,06/18/2013,Westport,391500.0,590000.0,0.663559322,Single Family,Fairfield,-73.3773858,41.1185626
2009,12/21/2009,West Hartford,390500.0,450000.0,0.867777778,Condo,Hartford,-72.7419383,41.7593442
2019,10/01/2019,Norwalk,340970.0,500900.0,0.6807,Single Family,Fairfield,-73.4198835,41.1451325
2015,04/15/2016,Meriden,164150.0,245000.0,0.67,Single Family,New Haven,-72.7882831,41.5125277
2007,03/05/2008,Manchester,122900.0,195900.0,0.627360898,Single Family,Hartford,-72.5422729,41.7723296
2017,06/19/2018,Portland,207620.0,285000.0,0.7284,Single Family,Middlesex,-72.6076555,41.6346355
2016,02/28/2017,Guilford,372760.0,363000.0,1.026887052,Single Family,New Haven,-72.7414645,41.3345943
2017,07/31/2018,Fairfield,445760.0,743300.0,0.5997,Single Family,Fairfield,-73.2685887,41.1301565
2018,07/18/2019,Glastonbury,125700.0,192000.0,0.6546,Condo,Hartford,-72.5786509,41.715369
2017,08/31/2018,Thompson,51200.0,69900.0,0.7324,Single Family,Windham,-71.9097745,42.0044667
2014,08/03/2015,Suffield,130760.0,227000.0,0.576035242,Condo,Hartford,-72.6120446,41.9890597
2008,06/19/2009,Farmington,161030.0,230000.0,0.700130435,Single Family,Hartford,-72.880881,41.75652
2014,05/26/2015,Monroe,225100.0,384000.0,0.586197917,Single Family,Fairfield,-73.2445834,41.3229333
2020,07/01/2021,Enfield,131850.0,238500.0,0.5528,Residential,Hartford,-72.5665796,41.9773102
2007,04/29/2008,Ellington,93630.0,142000.0,0.659366197,Condo,Tolland,-72.4547646,41.910483
2018,07/22/2019,Portland,216790.0,305000.0,0.7107,Single Family,Middlesex,-72.6208686,41.5924911
2013,08/27/2014,Stafford,162330.0,253000.0,0.641620553,Three Family,Tolland,-72.2596723,41.9933905
2020,10/27/2020,East Lyme,78820.0,139500.0,0.565,Residential,New London,-72.2218709,41.3685372
2011,10/20/2011,Waterford,290370.0,375000.0,0.77432,Single Family,New London,-72.1262016,41.3202436
2006,08/28/2007,Canton,130420.0,224900.0,0.579902179,Single Family,Hartford,-72.928716,41.8088679
2017,07/24/2018,Voluntown,79360.0,131600.0,0.603,Single Family,New London,-71.869625,41.571173
2020,01/13/2021,Bridgewater,198300.0,275000.0,0.721,Residential,Litchfield,-73.340767,41.513328
2015,05/23/2016,Hebron,313390.0,380000.0,0.824710526,Single Family,Tolland,-72.4014487,41.6584032
2008,08/25/2009,East Hartford,134390.0,114000.0,1.178859649,Three Family,Hartford,-72.5893593,41.7770732
2019,09/04/2020,Meriden,130270.0,215000.0,0.6059,Single Family,New Haven,-72.7924382,41.569885
2011,04/30/2012,Fairfield,376390.0,580000.0,0.648948276,Single Family,Fairfield,-73.2490069,41.1529765
2008,06/02/2009,East Haven,147370.0,137500.0,1.071781818,Single Family,New Haven,-72.8602712,41.312922
2020,10/28/2020,East Hartford,84220.0,185000.0,0.4552,Residential,Hartford,-72.6214059,41.729268
2013,07/08/2014,Monroe,399000.0,520000.0,0.767307692,Single Family,Fairfield,-73.2570702,41.2999368
2006,01/05/2007,North Haven,223650.0,415000.0,0.538915663,Single Family,New Haven,-72.8934307,41.3809913
2020,06/03/2021,Watertown,101600.0,185000.0,0.5491,Residential,Litchfield,-73.098377,41.5965029
2019,05/27/2020,East Granby,180400.0,282000.0,0.6397,Single Family,Hartford,-72.753447,41.9533907
2010,09/30/2011,Ansonia,130200.0,162000.0,0.803703704,Single Family,New Haven,-73.0667911,41.3391817
2016,10/13/2016,Naugatuck,73230.0,90000.0,0.813666667,Two Family,New Haven,-73.050789,41.4911049
2013,07/31/2014,Bristol,139860.0,198500.0,0.704584383,Single Family,Hartford,-72.9396665,41.7078855
2009,06/30/2010,Shelton,286170.0,395000.0,0.724481013,Single Family,Fairfield,-73.1433276,41.3358539
2014,07/27/2015,Ellington,87660.0,114900.0,0.762924282,Condo,Tolland,-72.4988079,41.8709858
2018,08/08/2019,Waterbury,121420.0,217900.0,0.5572,Single Family,New Haven,-73.085651,41.5461059
2009,11/19/2009,Orange,254300.0,350000.0,0.726571429,Single Family,New Haven,-73.0548934,41.2958554
2018,06/25/2019,Waterbury,57510.0,84000.0,0.6846,Single Family,New Haven,-73.0130622,41.5482142
2016,08/18/2017,Waterbury,82990.0,95361.0,0.870271914,Condo,New Haven,-72.9796951,41.5461831
2009,10/05/2009,Hamden,135380.0,195000.0,0.69425641,Single Family,New Haven,-72.8989684,41.3427219
2015,04/12/2016,Bristol,81480.0,68000.0,1.198235294,Condo,Hartford,-72.9582828,41.6556863
2017,02/23/2018,Branford,240900.0,271000.0,0.888929889,Single Family,New Haven,-72.7911109,41.2753581
2017,05/01/2018,New Milford,233800.0,339000.0,0.6896,Single Family,Litchfield,-73.3874245,41.6033751
2016,08/22/2017,Oxford,230000.0,445000.0,0.516853933,Single Family,New Haven,-73.1168393,41.4338203
2015,07/01/2016,Enfield,134220.0,205000.0,0.654731707,Single Family,Hartford,-72.5795176,42.0061209
2014,06/01/2015,Watertown,103200.0,143000.0,0.721678322,Single Family,Litchfield,-73.0889709,41.5952731
2017,11/21/2017,East Haven,134830.0,137250.0,0.982367942,Condo,New Haven,-72.862108,41.2534136
2016,08/31/2017,Granby,199850.0,310000.0,0.644677419,Single Family,Hartford,-72.8906157,41.9388841
2007,09/11/2008,Newington,99330.0,185000.0,0.536918919,Condo,Hartford,-72.7023048,41.6781071
2018,02/05/2019,East Hartford,96790.0,120000.0,0.8065,Single Family,Hartford,-72.6465538,41.77314
2013,11/19/2013,Stamford,170440.0,250000.0,0.68176,Condo,Fairfield,-73.5188074,41.0494389
2015,05/03/2016,South Windsor,171000.0,267900.0,0.638297872,Single Family,Hartford,-72.5955044,41.823019
2014,04/02/2015,Wolcott,147500.0,160000.0,0.921875,Single Family,New Haven,-72.9983479,41.6065344
2020,06/28/2021,Hebron,156770.0,256000.0,0.6123,Residential,Tolland,-72.3318299,41.6174269
2008,07/22/2009,Hamden,263830.0,338000.0,0.78056213,Condo,New Haven,-72.9069748,41.3866523
2008,01/30/2009,Plainfield,115570.0,105000.0,1.100666667,Single Family,Windham,-71.9074134,41.6704007
2017,02/01/2018,Cheshire,437260.0,630000.0,0.694,Single Family,New Haven,-72.8810397,41.4817956
2011,06/15/2012,Cheshire,211040.0,310000.0,0.680774194,Single Family,New Haven,-72.9093512,41.4999181
2011,04/18/2012,Orange,348800.0,466500.0,0.747695606,Single Family,New Haven,-73.0118629,41.2770724
2020,07/29/2021,Cheshire,163770.0,370300.0,0.4422,Residential,New Haven,-72.9166881,41.5175842
2013,09/03/2014,Ashford,80100.0,78000.0,1.026923077,Single Family,Windham,-72.1767144,41.9207164
2020,04/28/2021,Middletown,93550.0,90000.0,1.039444444,Residential,Middlesex,-72.7075777,41.5857405
2019,11/19/2019,Pomfret,251000.0,368000.0,0.6821,Single Family,Windham,-71.9456682,41.8502784
2014,12/22/2014,Madison,461800.0,500000.0,0.9236,Single Family,New Haven,-72.5906992,41.2713761
2015,09/13/2016,West Hartford,172270.0,245000.0,0.703142857,Two Family,Hartford,-72.7321649,41.7284099
2014,01/09/2015,New Britain,71330.0,124900.0,0.571096878,Single Family,Hartford,-72.7859285,41.6864579
2009,06/02/2010,Wethersfield,144200.0,191000.0,0.754973822,Single Family,Hartford,-72.6612546,41.7183817
2007,05/14/2008,Trumbull,271600.0,375000.0,0.724266667,Single Family,Fairfield,-73.2356902,41.2688225
2011,01/04/2012,Cheshire,121900.0,150000.0,0.812666667,Condo,New Haven,-72.883748,41.517383
2020,11/16/2020,Waterford,124150.0,230000.0,0.5397,Residential,New London,-72.1420529,41.3502081
2014,01/08/2015,Newtown,428080.0,390000.0,1.097641026,Single Family,Fairfield,-73.3562709,41.3836596
2018,06/06/2019,New Haven,87220.0,113000.0,0.7718,Three Family,New Haven,-72.895067,41.3050278
2020,09/02/2021,Brookfield,156800.0,292500.0,0.536068376,Residential,Fairfield,-73.3603006,41.4603725
2006,10/11/2006,Windham,70860.0,89000.0,0.796179775,Single Family,Windham,-72.1689865,41.7430197
2012,07/26/2013,Milford,212670.0,332500.0,0.639609023,Single Family,New Haven,-73.0554678,41.2395073
2016,07/20/2017,Norwich,70600.0,110000.0,0.641818182,Single Family,New London,-72.0976208,41.5242744
2020,01/06/2021,Bristol,47530.0,44900.0,1.0585,Vacant Land,Hartford,-72.9317181,41.7012458
2009,06/30/2010,Oxford,223340.0,360000.0,0.620388889,Condo,New Haven,-73.1082831,41.4670876
2016,04/28/2017,Ledyard,100590.0,160000.0,0.6286875,Single Family,New London,-72.0452077,41.4797639
2016,03/22/2017,Branford,117900.0,106200.0,1.110169492,Condo,New Haven,-72.8281801,41.3033501
2012,11/14/2012,Westbrook,279110.0,390000.0,0.715666667,Single Family,Middlesex,-72.4769664,41.3262589
2019,08/26/2020,Trumbull,214760.0,385000.0,0.5578,Single Family,Fairfield,-73.2031556,41.2397634
2016,04/27/2017,East Haddam,107370.0,88900.0,1.20776153,Single Family,Middlesex,-72.4482597,41.4954974
2007,09/02/2008,Coventry,119210.0,209000.0,0.570382775,Single Family,Tolland,-72.3377959,41.7665797
2014,02/11/2015,North Branford,149900.0,232500.0,0.644731183,Single Family,New Haven,-72.7938232,41.3683633
2020,08/18/2021,Newtown,193520.0,360000.0,0.5375,Residential,Fairfield,-73.294434,41.392125
2019,06/24/2020,Stamford,126940.0,201000.0,0.6315,Condo,Fairfield,-73.5284247,41.0577472
2011,06/21/2012,Greenwich,444780.0,585000.0,0.760307692,Condo,Fairfield,-73.5920096,41.0453092
2018,02/21/2019,Plainfield,132290.0,237000.0,0.5581,Single Family,Windham,-71.8884097,41.6502677
2012,04/18/2013,Glastonbury,192600.0,299900.0,0.642214071,Single Family,Hartford,-72.5336772,41.712145
2010,04/19/2011,Hartford,78570.0,270000.0,0.291,Three Family,Hartford,-72.712821,41.760838
2020,05/17/2021,New Haven,214320.0,249000.0,0.860722892,Residential,New Haven,-72.918245,41.3036734
2020,06/02/2021,Middletown,124950.0,242000.0,0.5163,Residential,Middlesex,-72.6473853,41.5471447
2006,02/13/2007,Hamden,149100.0,227000.0,0.656828194,Single Family,New Haven,-72.9342681,41.3599005
2018,06/11/2019,Greenwich,441420.0,749000.0,0.5893,Single Family,Fairfield,-73.6021292,41.035957
2014,05/18/2015,South Windsor,74600.0,93800.0,0.795309168,Condo,Hartford,-72.57422,41.8058822
2017,12/29/2017,Norwich,87700.0,157500.0,0.5568,Single Family,New London,-72.1293256,41.5487963
2010,01/28/2011,Glastonbury,454700.0,532500.0,0.853896714,Single Family,Hartford,-72.6084178,41.6502794
2013,12/27/2013,East Lyme,181650.0,175000.0,1.038,Single Family,New London,-72.2090121,41.3433082
2011,06/07/2012,New Haven,121380.0,150000.0,0.8092,Three Family,New Haven,-72.9544366,41.3195227
2011,08/31/2012,Norwalk,256620.0,301000.0,0.85255814,Single Family,Fairfield,-73.3993505,41.0950482
2016,07/31/2017,South Windsor,147300.0,263600.0,0.558801214,Single Family,Hartford,-72.5785935,41.8625473
2006,04/02/2007,Farmington,124680.0,248500.0,0.501730382,Single Family,Hartford,-72.768407,41.7195766
2017,01/09/2018,Manchester,74100.0,82000.0,0.9036,Condo,Hartford,-72.5202329,41.7795604
2020,09/03/2021,New London,79730.0,160000.0,0.4983,Residential,New London,-72.1010807,41.3652938
2015,06/07/2016,Ridgefield,363640.0,605000.0,0.601057851,Single Family,Fairfield,-73.5262136,41.3247143
2018,09/03/2019,Colchester,176800.0,287500.0,0.6149,Condo,New London,-72.3335774,41.5814694
2014,12/31/2014,South Windsor,189000.0,209900.0,0.900428776,Single Family,Hartford,-72.5436593,41.8353189
2009,05/11/2010,Stamford,373170.0,625000.0,0.597072,Two Family,Fairfield,-73.538904,41.0449439
2019,12/04/2019,Somers,304600.0,375000.0,0.8123,Single Family,Tolland,-72.4878057,41.9813838
2015,01/29/2016,Hartford,44997.0,139000.0,0.323719424,Single Family,Hartford,-72.6978816,41.7333099
2013,11/18/2013,East Haddam,153510.0,135299.0,1.134598186,Condo,Middlesex,-72.4640991,41.5143291
2008,04/29/2009,Hartford,47690.0,186400.0,0.255847639,Three Family,Hartford,-72.686611,41.777488
2019,06/29/2020,Wilton,372540.0,639000.0,0.583,Single Family,Fairfield,-73.4277356,41.2288868
2006,02/06/2007,Derby,143850.0,216300.0,0.665048544,Two Family,New Haven,-73.0797982,41.3159319
2014,10/29/2014,Oxford,339800.0,520000.0,0.653461538,Single Family,New Haven,-73.1487468,41.412197
2018,06/04/2019,Manchester,177200.0,249900.0,0.709,Condo,Hartford,-72.5368103,41.8012845
2017,10/20/2017,New Fairfield,272200.0,360000.0,0.756111111,Single Family,Fairfield,-73.4598915,41.4675618
2008,07/30/2009,Berlin,272100.0,315000.0,0.863809524,Single Family,Hartford,-72.7620122,41.6144804
2010,05/25/2011,East Hartford,157070.0,175000.0,0.897542857,Two Family,Hartford,-72.624037,41.742914
2018,02/14/2019,Bridgeport,194380.0,272000.0,0.7146,Single Family,Fairfield,-73.1991,41.2058998
2010,12/29/2010,Norwalk,324520.0,500000.0,0.64904,Single Family,Fairfield,-73.4158341,41.1397803
2013,09/11/2014,Torrington,192610.0,160000.0,1.2038125,Single Family,Litchfield,-73.1371503,41.7983262
2011,05/07/2012,Wallingford,143700.0,146600.0,0.980218281,Single Family,New Haven,-72.8317232,41.4547864
2006,03/05/2007,Windsor,80220.0,280251.0,0.286243403,Single Family,Hartford,-72.6935204,41.8810261
2006,03/06/2007,East Hampton,139000.0,293406.0,0.473746276,Condo,Middlesex,-72.4855177,41.5940428
2016,03/08/2017,Stratford,176470.0,293000.0,0.602286689,Single Family,Fairfield,-73.1211967,41.2146052
2018,05/29/2019,Hartford,70280.0,259900.0,0.2704,Two Family,Hartford,-72.6710497,41.7285627
2010,04/18/2011,Waterford,129420.0,115000.0,1.125391304,Single Family,New London,-72.1245123,41.3693387
2011,09/14/2012,Norwich,176000.0,160000.0,1.1,Condo,New London,-72.0936466,41.502291
2015,12/28/2015,Southbury,102640.0,195000.0,0.526358974,Condo,New Haven,-73.2270801,41.4826401
2008,06/22/2009,Wallingford,207480.0,290000.0,0.715448276,Single Family,New Haven,-72.797378,41.4726392
2011,10/24/2011,Bristol,135590.0,159400.0,0.850627353,Single Family,Hartford,-72.9330224,41.6757391
2007,10/03/2007,East Hartford,124670.0,114000.0,1.093596491,Single Family,Hartford,-72.5982765,41.7849883
2019,10/30/2019,Granby,241850.0,212500.0,1.1381,Single Family,Hartford,-72.8529557,42.0156226
2016,08/15/2017,Suffield,144410.0,259900.0,0.555636783,Single Family,Hartford,-72.7003178,41.9926569
2017,07/12/2018,Sharon,258900.0,449000.0,0.5766,Single Family,Litchfield,-73.4126572,41.8256331
2014,08/03/2015,Essex,146900.0,205000.0,0.716585366,Condo,Middlesex,-72.3890569,41.3686367
2013,06/11/2014,Manchester,52000.0,44500.0,1.168539326,Condo,Hartford,-72.5456695,41.7738976
2006,01/04/2007,Brooklyn,201950.0,365000.0,0.553287671,Single Family,Windham,-71.9106555,41.8031615
2008,09/30/2009,Southington,116970.0,208000.0,0.562355769,Single Family,Hartford,-72.8653712,41.5939559
2020,10/08/2020,Southbury,91320.0,195000.0,0.4683,Residential,New Haven,-73.2407129,41.4859183
2017,09/10/2018,Norwalk,205560.0,362500.0,0.567,Single Family,Fairfield,-73.3996268,41.1037043
2012,07/26/2013,Fairfield,423430.0,635000.0,0.666818898,Condo,Fairfield,-73.2901457,41.1359314
2018,03/29/2019,Montville,47300.0,74000.0,0.6391,Condo,New London,-72.1128025,41.4678826
2007,10/18/2007,Tolland,70100.0,130000.0,0.539230769,Condo,Tolland,-72.3303836,41.9322206
2010,05/27/2011,Southington,188090.0,206800.0,0.909526112,Single Family,Hartford,-72.9222253,41.5854768
2009,08/17/2010,Ashford,154900.0,151000.0,1.025827815,Single Family,Windham,-72.1991104,41.9383065
2008,06/15/2009,Southington,156590.0,224000.0,0.6990625,Condo,Hartford,-72.8727562,41.5638709
2019,05/28/2020,Westbrook,197140.0,376000.0,0.5243,Single Family,Middlesex,-72.4923585,41.3164244
2015,05/06/2016,Enfield,106860.0,162500.0,0.6576,Single Family,Hartford,-72.5706459,41.971217
2009,04/18/2010,Orange,241100.0,295000.0,0.817288136,Single Family,New Haven,-72.9883381,41.2904679
2014,02/10/2015,Hebron,132370.0,196000.0,0.675357143,Single Family,Tolland,-72.3476466,41.6622111
2007,04/17/2008,North Stonington,355740.0,710000.0,0.501042254,Single Family,New London,-71.8692233,41.4484514
2013,05/13/2014,Danbury,158000.0,156000.0,1.012820513,Condo,Fairfield,-73.4468492,41.405173
2010,05/12/2011,Trumbull,228600.0,290000.0,0.788275862,Single Family,Fairfield,-73.2149534,41.2521769
2007,05/28/2008,Stratford,202370.0,275000.0,0.735890909,Single Family,Fairfield,-73.1472459,41.2251992
2017,02/15/2018,Stratford,46340.0,70500.0,0.6573,Condo,Fairfield,-73.1417158,41.1963351
2020,10/08/2020,Bethel,158970.0,225000.0,0.7065,Residential,Fairfield,-73.399857,41.376303
2018,10/01/2018,New Haven,281820.0,345000.0,0.8168,Condo,New Haven,-72.9211926,41.311506
2015,12/02/2015,North Branford,201500.0,295000.0,0.683050847,Single Family,New Haven,-72.7506073,41.3519803
2006,07/20/2007,Danbury,98600.0,223000.0,0.442152466,Condo,Fairfield,-73.4350616,41.3804065
2019,01/06/2020,Bristol,165270.0,200000.0,0.8264,Three Family,Hartford,-72.9106194,41.6779941
2017,01/26/2018,Stratford,105070.0,150000.0,0.7004,Single Family,Fairfield,-73.1370554,41.1916024
2012,05/24/2013,Shelton,167510.0,270000.0,0.620407407,Condo,Fairfield,-73.1345495,41.2981253
2007,06/11/2008,Milford,229050.0,277700.0,0.824810947,Single Family,New Haven,-73.0327104,41.2099636
2008,07/30/2009,Enfield,129850.0,200000.0,0.64925,Single Family,Hartford,-72.5364038,41.9910825
2006,11/29/2006,Danbury,134200.0,259000.0,0.518146718,Condo,Fairfield,-73.4286591,41.3951954
2016,01/10/2017,Stamford,235250.0,320000.0,0.73515625,Condo,Fairfield,-73.5229047,41.0526868
2009,04/06/2010,West Hartford,188900.0,302600.0,0.624256444,Single Family,Hartford,-72.7552247,41.7484281
2019,08/18/2020,Waterbury,75680.0,150000.0,0.5045,Single Family,New Haven,-73.0267608,41.595001
2014,09/28/2015,Bristol,159740.0,365000.0,0.437643836,Single Family,Hartford,-72.969332,41.6488681
2020,06/21/2021,Newtown,246520.0,510000.0,0.4833,Residential,Fairfield,-73.3159465,41.3586805
2007,03/11/2008,Bridgeport,109830.0,145000.0,0.757448276,Single Family,Fairfield,-73.2216483,41.2078356
2006,04/25/2007,Clinton,349800.0,525000.0,0.666285714,Single Family,Middlesex,-72.4928207,41.2692093
2014,12/24/2014,Southington,234000.0,300000.0,0.78,Single Family,Hartford,-72.8863239,41.6115563
2008,06/05/2009,West Haven,104580.0,278500.0,0.37551167,Single Family,New Haven,-72.963663,41.289417
2019,08/27/2020,Orange,189400.0,280000.0,0.6764,Condo,New Haven,-73.0087495,41.2570221
2015,10/01/2015,Wallingford,133400.0,177500.0,0.751549296,Condo,New Haven,-72.8217996,41.4071518
2014,01/30/2015,South Windsor,173900.0,173000.0,1.005202312,Single Family,Hartford,-72.5288164,41.8148653
2007,07/29/2008,Enfield,126840.0,188000.0,0.674680851,Condo,Hartford,-72.5504706,42.0088489
2020,11/24/2020,New Britain,108570.0,212000.0,0.5121,Residential,Hartford,-72.7719391,41.6982934
2019,07/10/2020,Marlborough,113260.0,244000.0,0.4642,Single Family,Hartford,-72.4640695,41.6498258
2017,06/27/2018,Derby,53550.0,60000.0,0.8925,Condo,New Haven,-73.0970382,41.3458681
2009,02/16/2010,Shelton,296240.0,323000.0,0.917151703,Single Family,Fairfield,-73.156834,41.3698003
2009,03/26/2010,Hamden,270480.0,370000.0,0.731027027,Single Family,New Haven,-72.9354216,41.4330949
2015,04/12/2016,Bolton,120800.0,195000.0,0.619487179,Single Family,Tolland,-72.4224024,41.7967664
2019,02/07/2020,Wethersfield,40890.0,62500.0,0.6542,Condo,Hartford,-72.6929807,41.7208987
2012,09/19/2013,Shelton,141470.0,237000.0,0.596919831,Single Family,Fairfield,-73.0844521,41.3012697
2015,07/21/2016,Naugatuck,133660.0,199900.0,0.668634317,Single Family,New Haven,-73.0585827,41.4851423
2014,10/20/2014,Middletown,94770.0,140000.0,0.676928571,Condo,Middlesex,-72.677402,41.5249244
2014,02/27/2015,Cheshire,214930.0,250000.0,0.85972,Single Family,New Haven,-72.9227329,41.5084874
2019,08/04/2020,Milford,214670.0,356000.0,0.603005618,Single Family,New Haven,-73.0270836,41.2116317
2017,10/23/2017,Torrington,70760.0,110000.0,0.643272727,Condo,Litchfield,-73.1005757,41.8388069
2018,03/28/2019,South Windsor,179300.0,244900.0,0.7321,Single Family,Hartford,-72.5227704,41.8277192
2010,02/25/2011,East Lyme,169750.0,250000.0,0.679,Single Family,New London,-72.2084106,41.3356937
2016,10/24/2016,Berlin,143400.0,170000.0,0.843529412,Two Family,Hartford,-72.7573171,41.6338324
2020,08/16/2021,Newtown,200730.0,250000.0,0.8029,Residential,Fairfield,-73.3552577,41.3781761
2014,09/04/2015,Colchester,248700.0,337000.0,0.737982196,Single Family,New London,-72.3615201,41.5590287
2020,11/04/2020,Litchfield,110780.0,162500.0,0.6817,Residential,Litchfield,-73.1510259,41.7826548
2006,07/11/2007,Norwalk,265720.0,470000.0,0.565361702,Single Family,Fairfield,-73.4447464,41.1295761
2012,04/23/2013,Groton,277760.0,330000.0,0.84169697,Single Family,New London,-71.9742404,41.3528566
2020,01/14/2021,Plainfield,212660.0,236000.0,0.9011,Residential,Windham,-71.9015312,41.7067644
2014,12/03/2014,New Hartford,72030.0,83500.0,0.862634731,Condo,Litchfield,-72.9580867,41.8655403
2016,05/02/2017,Shelton,234920.0,358675.0,0.654966195,Single Family,Fairfield,-73.093893,41.3017876
2013,11/08/2013,Essex,132600.0,193000.0,0.687046632,Single Family,Middlesex,-72.4460274,41.3501285
2011,05/23/2012,New Haven,56420.0,48500.0,1.163298969,Two Family,New Haven,-72.9266095,41.3319072
2017,09/24/2018,Montville,103430.0,160000.0,0.6464,Three Family,New London,-72.2182351,41.4299743
2009,04/20/2010,West Hartford,172800.0,284000.0,0.608450704,Single Family,Hartford,-72.7380474,41.7427564
2010,11/30/2010,South Windsor,141020.0,151000.0,0.933907285,Single Family,Hartford,-72.5629291,41.8266464
2007,10/26/2007,East Hampton,154840.0,265000.0,0.584301887,Two Family,Middlesex,-72.5342318,41.5675606
2016,09/20/2017,Ledyard,179970.0,270000.0,0.666555556,Single Family,New London,-72.0841968,41.4219074
2020,07/09/2021,Torrington,82070.0,180000.0,0.4559,Residential,Litchfield,-73.1277918,41.8130842
2015,04/08/2016,West Hartford,303380.0,400000.0,0.75845,Single Family,Hartford,-72.7543936,41.7839781
2017,06/20/2018,Meriden,93800.0,135000.0,0.694814815,Condo,New Haven,-72.7755346,41.5058292
2013,06/30/2014,West Hartford,162120.0,215000.0,0.754046512,Single Family,Hartford,-72.7451586,41.7657177
2015,05/12/2016,Danbury,125600.0,189000.0,0.664550265,Condo,Fairfield,-73.4467021,41.3868103
2009,06/04/2010,Bristol,134330.0,158000.0,0.850189873,Single Family,Hartford,-72.9107356,41.6863753
2011,04/09/2012,Glastonbury,204600.0,296500.0,0.69005059,Single Family,Hartford,-72.5684279,41.7303332
2014,04/10/2015,Bristol,126630.0,171000.0,0.740526316,Three Family,Hartford,-72.9498541,41.6757559
2009,06/21/2010,Colchester,130600.0,189900.0,0.687730384,Single Family,New London,-72.3252162,41.5699793
2007,08/11/2008,Burlington,270550.0,463000.0,0.584341253,Single Family,Hartford,-73.0009311,41.7644232
2020,07/22/2021,East Lyme,232190.0,200000.0,1.1609,Residential,New London,-72.1860154,41.3390005
2014,01/20/2015,Windsor Locks,93100.0,110000.0,0.846363636,Condo,Hartford,-72.640754,41.939955
2019,07/28/2020,Watertown,147400.0,230000.0,0.6409,Single Family,Litchfield,-73.1428666,41.6325824
2006,06/04/2007,Norwalk,278110.0,635000.0,0.437968504,Single Family,Fairfield,-73.412427,41.0902767
2013,11/27/2013,East Haven,101500.0,137500.0,0.738181818,Condo,New Haven,-72.8684565,41.2841687
2007,10/12/2007,Groton,121100.0,178000.0,0.680337079,Condo,New London,-72.0589009,41.3573312
2013,09/15/2014,Simsbury,145040.0,227000.0,0.638942731,Single Family,Hartford,-72.8203215,41.8977104
2008,06/12/2009,Middletown,205060.0,285500.0,0.718248687,Single Family,Middlesex,-72.6935287,41.5945941
2014,08/18/2015,Plainville,191310.0,265000.0,0.721924528,Condo,Hartford,-72.8549605,41.6842588
2014,03/17/2015,Norwalk,370740.0,350000.0,1.059257143,Single Family,Fairfield,-73.414367,41.082122
2016,07/25/2017,Torrington,74400.0,87000.0,0.855172414,Condo,Litchfield,-73.1555917,41.8175154
2016,11/10/2016,Deep River,192430.0,291000.0,0.661271478,Single Family,Middlesex,-72.4836688,41.345554
2018,02/21/2019,East Haven,137160.0,229000.0,0.5989,Single Family,New Haven,-72.8646328,41.2801657
2017,04/11/2018,Torrington,107840.0,150000.0,0.7189,Single Family,Litchfield,-73.0824221,41.8160409
2017,12/14/2017,Norwalk,251060.0,350000.0,0.7173,Single Family,Fairfield,-73.3982591,41.1072653
2018,06/20/2019,Enfield,111820.0,200000.0,0.5591,Single Family,Hartford,-72.5071027,41.9970135
2013,12/03/2013,Brooklyn,117300.0,145000.0,0.808965517,Single Family,Windham,-71.8924066,41.7999722
2018,02/21/2019,Brookfield,139380.0,145000.0,0.9612,Condo,Fairfield,-73.39308,41.46281
2006,08/24/2007,Norwich,98000.0,200000.0,0.49,Single Family,New London,-72.1159961,41.5383032
2007,05/02/2008,Putnam,84500.0,190000.0,0.444736842,Three Family,Windham,-71.9116744,41.9213191
2012,12/31/2012,Fairfield,450940.0,770000.0,0.585636364,Single Family,Fairfield,-73.2663772,41.1604215
2009,03/24/2010,Plainville,134260.0,175000.0,0.7672,Condo,Hartford,-72.8543011,41.6632951
2006,06/05/2007,Windsor,87010.0,160000.0,0.5438125,Single Family,Hartford,-72.6562081,41.8295548
2010,07/06/2011,Southington,114730.0,166000.0,0.691144578,Single Family,Hartford,-72.8704942,41.6427979
2020,01/20/2021,West Hartford,203210.0,215000.0,0.9451,Residential,Hartford,-72.7475597,41.7645403
2012,05/13/2013,Torrington,110860.0,155000.0,0.715225806,Single Family,Litchfield,-73.1028033,41.8153958
2011,06/22/2012,Durham,302190.0,427500.0,0.706877193,Single Family,Middlesex,-72.7143993,41.436935
2006,05/10/2007,Waterbury,53690.0,95600.0,0.561610879,Single Family,New Haven,-73.0338173,41.5659635
2006,12/14/2006,Cheshire,298860.0,479900.0,0.622754741,Single Family,New Haven,-72.8609405,41.5473395
2009,05/03/2010,Waterbury,110940.0,99500.0,1.114974874,Single Family,New Haven,-73.0784577,41.5842441
2017,02/06/2018,East Lyme,296030.0,493000.0,0.6004,Single Family,New London,-72.2156748,41.3060803
2006,12/15/2006,Essex,207100.0,340000.0,0.609117647,Single Family,Middlesex,-72.4064654,41.3575312
2014,10/31/2014,Milford,207610.0,315000.0,0.659079365,Condo,New Haven,-73.0859704,41.2193686
2019,08/19/2020,Southbury,86320.0,179000.0,0.482234637,Condo,New Haven,-73.2270824,41.4826571
2016,05/19/2017,Coventry,168800.0,210000.0,0.803809524,Single Family,Tolland,-72.3729421,41.8034164
2012,05/23/2013,Enfield,140310.0,215100.0,0.652301255,Single Family,Hartford,-72.5640843,41.9793259
2017,05/24/2018,Ellington,181080.0,232000.0,0.7805,Single Family,Tolland,-72.3661907,41.9321889
2010,07/29/2011,New Haven,273280.0,380000.0,0.719157895,Single Family,New Haven,-72.8933893,41.2597782
2018,04/11/2019,North Haven,344610.0,510000.0,0.6757,Single Family,New Haven,-72.8370855,41.3436018
2018,11/14/2018,Cromwell,168560.0,140000.0,1.204,Single Family,Middlesex,-72.6551789,41.616544
2019,03/04/2020,East Haven,108320.0,177000.0,0.612,Single Family,New Haven,-72.8558058,41.3024998
2011,01/27/2012,Simsbury,231730.0,278000.0,0.833561151,Single Family,Hartford,-72.8381393,41.9123128
2013,01/02/2014,Glastonbury,69900.0,95000.0,0.735789474,Condo,Hartford,-72.5719362,41.7195454
2014,09/08/2015,Bethel,153780.0,154875.0,0.992929782,Single Family,Fairfield,-73.4012384,41.3810414
2019,05/08/2020,Montville,104690.0,195000.0,0.5369,Single Family,New London,-72.126595,41.4431555
2020,10/07/2020,Old Lyme,237600.0,425000.0,0.559,Residential,New London,-72.3021365,41.280872
2014,05/29/2015,Norwalk,245420.0,435000.0,0.564183908,Single Family,Fairfield,-73.3968781,41.1037617
2007,10/04/2007,Newington,55860.0,93000.0,0.600645161,Condo,Hartford,-72.725786,41.7147362
2007,06/16/2008,Bloomfield,190970.0,318250.0,0.600062844,Condo,Hartford,-72.7159578,41.8392804
2017,03/12/2018,Milford,150000.0,270000.0,0.5555,Single Family,New Haven,-73.1001752,41.2173197
2006,12/15/2006,Berlin,313800.0,525000.0,0.597714286,Single Family,Hartford,-72.7415107,41.6129101
2014,05/19/2015,Cheshire,266540.0,342000.0,0.779356725,Single Family,New Haven,-72.8832318,41.4602011
2018,10/10/2018,Bridgeport,117610.0,239000.0,0.492,Single Family,Fairfield,-73.171164,41.2171829
2019,04/24/2020,East Hartford,57620.0,93000.0,0.6196,Condo,Hartford,-72.6234591,41.7941039
2017,10/25/2017,Plainville,94150.0,137500.0,0.684727273,Single Family,Hartford,-72.8394779,41.6685481
2014,05/26/2015,Trumbull,175500.0,300000.0,0.585,Single Family,Fairfield,-73.2274879,41.25863
2015,07/29/2016,Ansonia,96700.0,105001.0,0.92094361,Single Family,New Haven,-73.0686818,41.3390482
2008,07/13/2009,Guilford,257890.0,390000.0,0.66125641,Single Family,New Haven,-72.7281653,41.3174378
2018,12/07/2018,East Lyme,275450.0,454000.0,0.6067,Single Family,New London,-72.2003365,41.3486287
2012,11/07/2012,Norwalk,287630.0,375000.0,0.767013333,Single Family,Fairfield,-73.4032643,41.1256404
2006,07/03/2007,Simsbury,204490.0,370000.0,0.552675676,Single Family,Hartford,-72.8446475,41.823709
2013,05/14/2014,Hamden,151550.0,235000.0,0.644893617,Single Family,New Haven,-72.9031678,41.3920615
2019,01/31/2020,Ellington,75250.0,92500.0,0.8135,Condo,Tolland,-72.4988079,41.8709858
2018,05/02/2019,Stamford,318800.0,449000.0,0.71,Condo,Fairfield,-73.5424106,41.0713711
2016,08/16/2017,Clinton,182900.0,240500.0,0.76049896,Single Family,Middlesex,-72.511993,41.305046
2008,11/07/2008,Bristol,110390.0,150000.0,0.735933333,Condo,Hartford,-72.942552,41.6895909
2012,03/26/2013,Branford,213600.0,306000.0,0.698039216,Single Family,New Haven,-72.8242913,41.2770013
2019,07/20/2020,Milford,108010.0,100000.0,1.0801,Single Family,New Haven,-73.0899551,41.1889333
2012,11/20/2012,Watertown,171300.0,180000.0,0.951666667,Single Family,Litchfield,-73.1023423,41.6083607
2019,12/13/2019,North Branford,253600.0,448000.0,0.5661,Single Family,New Haven,-72.7938232,41.3837639
2013,07/01/2014,Stamford,147490.0,310000.0,0.475774194,Condo,Fairfield,-73.5192449,41.046402
2017,08/07/2018,Wolcott,164140.0,258900.0,0.6339,Single Family,New Haven,-72.9680402,41.6049227
2008,10/30/2008,New Britain,184800.0,310000.0,0.596129032,Single Family,Hartford,-72.777628,41.7128926
2014,11/24/2014,Bethany,207860.0,316000.0,0.65778481,Single Family,New Haven,-73.0180897,41.4384687
2014,02/04/2015,New Haven,95900.0,160000.0,0.599375,Single Family,New Haven,-72.9830331,41.3314914
2012,03/01/2013,Hamden,177240.0,230000.0,0.770608696,Condo,New Haven,-72.8968469,41.4030884
2020,05/18/2021,North Haven,132110.0,253000.0,0.5221,Residential,New Haven,-72.8546173,41.3927805
2013,10/04/2013,Groton,154630.0,247000.0,0.626032389,Single Family,New London,-71.9973925,41.3573872
2009,08/23/2010,Simsbury,147970.0,169900.0,0.870924073,Condo,Hartford,-72.809704,41.8555279
2008,10/02/2008,Columbia,288500.0,472500.0,0.610582011,Single Family,Tolland,-72.2576368,41.7044997
2013,07/01/2014,Waterbury,174560.0,254000.0,0.687244094,Single Family,New Haven,-73.0883715,41.5732255
2016,04/07/2017,Hamden,104020.0,120000.0,0.866833333,Single Family,New Haven,-72.9011835,41.3374264
2007,09/03/2008,Darien,341950.0,535000.0,0.639158879,Single Family,Fairfield,-73.4845394,41.0699849
2012,10/18/2012,Norwalk,162470.0,213000.0,0.762769953,Condo,Fairfield,-73.4211283,41.1340715
2013,10/01/2013,Southington,119600.0,202000.0,0.592079208,Condo,Hartford,-72.8634443,41.5986523
2017,09/25/2018,Ledyard,161420.0,259500.0,0.622,Single Family,New London,-72.0781333,41.4358453
2007,07/01/2008,Manchester,217300.0,333333.0,0.651900652,Single Family,Hartford,-72.5507297,41.7499553
2015,05/10/2016,Rocky Hill,146160.0,208500.0,0.701007194,Condo,Hartford,-72.6933208,41.6355351
2018,08/22/2019,New Haven,156590.0,225000.0,0.6959,Single Family,New Haven,-72.9479252,41.3158365
2016,05/15/2017,East Haddam,75040.0,61500.0,1.220162602,Single Family,Middlesex,-72.3259562,41.5233153
2014,04/01/2015,Danbury,228000.0,325000.0,0.701538462,Single Family,Fairfield,-73.465001,41.3317042
2010,05/11/2011,Windsor,161420.0,185600.0,0.869719828,Single Family,Hartford,-72.6531953,41.8510168
2017,07/31/2018,Manchester,67200.0,117000.0,0.5743,Condo,Hartford,-72.4983482,41.7959109
2011,01/06/2012,Preston,213300.0,242000.0,0.881404959,Single Family,New London,-71.9961887,41.5577261
2013,06/02/2014,Stamford,142860.0,274100.0,0.521196644,Condo,Fairfield,-73.5104312,41.0612036
2009,10/02/2009,Colchester,174200.0,187500.0,0.929066667,Three Family,New London,-72.3349665,41.5772391
2012,12/20/2012,Stratford,170240.0,172000.0,0.989767442,Condo,Fairfield,-73.1139263,41.2468582
2018,10/10/2018,Rocky Hill,390110.0,458000.0,0.8517,Single Family,Hartford,-72.6929282,41.6583039
2013,01/08/2014,Stamford,218690.0,320000.0,0.68340625,Single Family,Fairfield,-73.5561126,41.071619
2020,09/27/2021,Tolland,127800.0,234000.0,0.5461,Residential,Tolland,-72.399761,41.8350714
2014,12/22/2014,Stamford,277190.0,275000.0,1.007963636,Single Family,Fairfield,-73.5202312,41.0970514
2020,12/02/2020,Norwalk,221070.0,432500.0,0.5111,Residential,Fairfield,-73.4375151,41.1236186
2014,10/27/2014,Old Saybrook,256500.0,366000.0,0.700819672,Single Family,Middlesex,-72.373497,41.2663492
2008,01/08/2009,West Hartford,148200.0,195000.0,0.76,Two Family,Hartford,-72.73403,41.7275178
2013,07/24/2014,Manchester,249200.0,290000.0,0.859310345,Single Family,Hartford,-72.5721938,41.8005914
2014,10/16/2014,Hartford,46601.0,105000.0,0.443819048,Single Family,Hartford,-72.6914503,41.7307565
2020,11/16/2020,East Windsor,70840.0,139500.0,0.5078,Residential,Hartford,-72.6124835,41.9095643
2014,08/27/2015,Fairfield,368340.0,635000.0,0.580062992,Single Family,Fairfield,-73.2481766,41.1551112
2009,09/08/2010,Bristol,191100.0,240000.0,0.79625,Single Family,Hartford,-72.8921386,41.6521647
2010,06/29/2011,Windsor,174020.0,259000.0,0.671891892,Single Family,Hartford,-72.7124639,41.9108694
2015,10/30/2015,Stratford,128100.0,164000.0,0.781097561,Single Family,Fairfield,-73.1487671,41.1953386
2020,06/14/2021,Norwalk,202330.0,375000.0,0.5395,Residential,Fairfield,-73.3966338,41.1292537
2020,05/28/2021,Stonington,123200.0,265000.0,0.4649,Residential,New London,-71.8398308,41.3718755
2019,09/17/2020,Ellington,305110.0,462500.0,0.6597,Condo,Tolland,-72.4795087,41.8727661
2019,12/04/2019,Harwinton,181780.0,310500.0,0.5854,Single Family,Litchfield,-73.1005355,41.7986074
2006,09/07/2007,Coventry,75120.0,137000.0,0.548321168,Single Family,Tolland,-72.3185099,41.7636778
2006,05/23/2007,New Milford,183400.0,246000.0,0.745528455,Single Family,Litchfield,-73.3797804,41.6053161
2010,08/04/2011,Putnam,121500.0,160000.0,0.759375,Single Family,Windham,-71.8896738,41.9022024
2006,01/24/2007,Plainfield,105190.0,250000.0,0.42076,Single Family,Windham,-71.9420096,41.6583954
2014,06/30/2015,Canton,159150.0,230000.0,0.691956522,Condo,Hartford,-72.935138,41.832198
2019,06/18/2020,Bethlehem,172400.0,292000.0,0.5904,Single Family,Litchfield,-73.2021417,41.630493
2015,06/06/2016,Cheshire,163620.0,270000.0,0.606,Single Family,New Haven,-72.9175649,41.472582
2006,03/01/2007,Ledyard,126910.0,219500.0,0.578177677,Single Family,New London,-71.9808621,41.4315581
2008,12/02/2008,New Britain,118440.0,168000.0,0.705,Single Family,Hartford,-72.7878676,41.7033161
2016,12/21/2016,Southbury,57530.0,60000.0,0.958833333,Condo,New Haven,-73.2467912,41.4833645
2006,07/31/2007,Lebanon,114190.0,242000.0,0.471859504,Single Family,New London,-72.2858547,41.62413
2010,06/06/2011,Stamford,395430.0,430000.0,0.919604651,Single Family,Fairfield,-73.5527182,41.0834546
2020,11/05/2020,Woodbury,188290.0,429000.0,0.4389,Residential,Litchfield,-73.1777606,41.5869077
2011,10/28/2011,Bristol,149450.0,167500.0,0.892238806,Single Family,Hartford,-72.9134581,41.7098622
2019,12/06/2019,East Haven,166090.0,202827.0,0.8189,Single Family,New Haven,-72.8523115,41.332662
2018,10/29/2018,Bridgeport,116470.0,240000.0,0.4852,Two Family,Fairfield,-73.1623886,41.1760762
2017,09/13/2018,Avon,302800.0,380000.0,0.7968,Single Family,Hartford,-72.8464938,41.7868187
2019,08/20/2020,Stafford,156380.0,305000.0,0.5127,Single Family,Tolland,-72.342377,42.000253
2011,04/12/2012,East Granby,246600.0,299000.0,0.824749164,Single Family,Hartford,-72.7628664,41.9234554
2012,07/11/2013,Norwalk,334530.0,405000.0,0.826,Single Family,Fairfield,-73.3997304,41.1523339
2015,04/28/2016,South Windsor,85100.0,123000.0,0.691869919,Condo,Hartford,-72.5774569,41.8252061
2009,11/10/2009,Norwalk,310240.0,448000.0,0.6925,Single Family,Fairfield,-73.4002024,41.112614
2016,07/25/2017,Stonington,326100.0,338000.0,0.964792899,Single Family,New London,-71.8951857,41.4160678
2015,04/29/2016,Stratford,95550.0,127500.0,0.749411765,Single Family,Fairfield,-73.1426151,41.1894897
2018,07/12/2019,Colchester,219400.0,275000.0,0.7978,Single Family,New London,-72.2908504,41.543234
2019,09/21/2020,Shelton,214800.0,300500.0,0.7148,Condo,Fairfield,-73.1061396,41.299821
2019,08/10/2020,Enfield,243660.0,399000.0,0.6107,Single Family,Hartford,-72.5200437,41.9686434
2018,05/13/2019,Wallingford,194200.0,240000.0,0.8091,Single Family,New Haven,-72.8203676,41.4520197
2018,09/20/2019,Montville,86760.0,145000.0,0.5983,Single Family,New London,-72.1018328,41.4334688
2018,07/30/2019,Bridgeport,131910.0,310000.0,0.425516129,Single Family,Fairfield,-73.2108339,41.1918849
2014,05/04/2015,Avon,280630.0,420000.0,0.668166667,Condo,Hartford,-72.811576,41.813965
2017,11/06/2017,West Haven,140770.0,200000.0,0.7038,Two Family,New Haven,-72.9358123,41.2711445
2014,07/06/2015,Bethel,289800.0,410000.0,0.706829268,Single Family,Fairfield,-73.3924897,41.3926238
2020,07/21/2021,Enfield,131770.0,276000.0,0.4774,Residential,Hartford,-72.5418108,41.9494561
2008,04/30/2009,Manchester,116900.0,112000.0,1.04375,Single Family,Hartford,-72.5445373,41.7668737
2019,01/30/2020,Killingworth,58170.0,80000.0,0.7271,Single Family,Middlesex,-72.565033,41.374631
2019,06/01/2020,Hamden,179760.0,285000.0,0.6307,Condo,New Haven,-72.928023,41.372731
2014,08/26/2015,Windham,109070.0,152500.0,0.715213115,Single Family,Windham,-72.1746606,41.6780259
2017,10/03/2017,Newington,117520.0,177000.0,0.663954802,Single Family,Hartford,-72.7114595,41.6857954
2006,10/31/2006,Newington,104160.0,173000.0,0.602080925,Condo,Hartford,-72.7044723,41.6781247
2014,09/21/2015,Bridgeport,140450.0,195000.0,0.72025641,Two Family,Fairfield,-73.1770692,41.2022952
2007,02/28/2008,Essex,396400.0,832500.0,0.476156156,Single Family,Middlesex,-72.3955534,41.3461649
2014,10/31/2014,Newington,137260.0,209900.0,0.653930443,Single Family,Hartford,-72.7291351,41.6814847
2006,06/08/2007,Bridgeport,114310.0,235000.0,0.486425532,Two Family,Fairfield,-73.158471,41.179779
2019,02/04/2020,Colchester,137000.0,232700.0,0.5887,Single Family,New London,-72.3698438,41.5558762
2018,10/10/2018,Stamford,191070.0,322508.0,0.5924,Condo,Fairfield,-73.5523292,41.0670171
2019,06/15/2020,Goshen,254510.0,355000.0,0.7169,Single Family,Litchfield,-73.2577613,41.8116624
2006,12/04/2006,Norwich,89000.0,97000.0,0.917525773,Single Family,New London,-72.0744764,41.516475
2017,06/12/2018,Bridgeport,113640.0,240000.0,0.4735,Single Family,Fairfield,-73.234953,41.2244346
2013,10/30/2013,Berlin,72700.0,239075.0,0.304088675,Condo,Hartford,-72.764271,41.5811807
2012,03/20/2013,Newington,119180.0,188000.0,0.63393617,Single Family,Hartford,-72.7428036,41.6874887
2016,12/12/2016,New Fairfield,271400.0,375000.0,0.723733333,Single Family,Fairfield,-73.472504,41.522587
2019,07/13/2020,Granby,147210.0,227000.0,0.6485,Single Family,Hartford,-72.7779413,41.9758841
2014,07/27/2015,Simsbury,165900.0,263000.0,0.630798479,Single Family,Hartford,-72.8620481,41.8269427
2009,11/24/2009,Naugatuck,174790.0,195000.0,0.896358974,Single Family,New Haven,-73.0534177,41.5084774
2006,09/24/2007,Guilford,153330.0,272000.0,0.563713235,Single Family,New Haven,-72.699226,41.297181
2017,06/21/2018,New Haven,101430.0,180000.0,0.5635,Three Family,New Haven,-72.898981,41.320453
2008,11/17/2008,Stamford,256280.0,370000.0,0.692648649,Condo,Fairfield,-73.5330871,41.0604983
2019,01/21/2020,Canterbury,135900.0,229900.0,0.5911,Single Family,Windham,-72.0379508,41.7084673
2016,07/17/2017,Trumbull,193760.0,320000.0,0.6055,Single Family,Fairfield,-73.231543,41.2613347
2014,11/10/2014,Bristol,164710.0,215000.0,0.766093023,Single Family,Hartford,-72.9906445,41.6878014
2009,02/10/2010,South Windsor,318610.0,410000.0,0.777097561,Single Family,Hartford,-72.5297952,41.862797
2014,06/25/2015,Bridgeport,134070.0,218500.0,0.613592677,Two Family,Fairfield,-73.203433,41.2035016
2020,01/27/2021,Milford,301430.0,565000.0,0.5335,Residential,New Haven,-73.051746,41.215331
2006,12/13/2006,Hamden,208250.0,350000.0,0.595,Single Family,New Haven,-72.9300232,41.3859245
2019,08/10/2020,Waterbury,60460.0,145000.0,0.417,Single Family,New Haven,-72.9980712,41.5579648
2020,06/21/2021,Meriden,20230.0,75000.0,0.2697,Residential,New Haven,-72.8034558,41.5326926
2013,01/07/2014,West Hartford,117740.0,190000.0,0.619684211,Condo,Hartford,-72.7343602,41.7635028
2006,07/23/2007,Darien,350490.0,757500.0,0.462693069,Single Family,Fairfield,-73.5045841,41.0643717
2006,11/21/2006,Wallingford,46130.0,88500.0,0.521242938,Condo,New Haven,-72.8307848,41.4387053
2009,04/30/2010,Middletown,102260.0,160000.0,0.639125,Condo,Middlesex,-72.6463921,41.5585273
2008,08/11/2009,Naugatuck,121420.0,145000.0,0.83737931,Single Family,New Haven,-73.0397136,41.4910209
2009,07/22/2010,Plainville,91210.0,136000.0,0.670661765,Condo,Hartford,-72.8398702,41.6691568
2009,06/07/2010,Bristol,109410.0,112000.0,0.976875,Single Family,Hartford,-72.9245324,41.6635454
2015,10/27/2015,Bethel,78120.0,116000.0,0.673448276,Condo,Fairfield,-73.4087446,41.365795
2008,09/16/2009,Fairfield,416080.0,515000.0,0.80792233,Single Family,Fairfield,-73.2556418,41.193526
2009,06/21/2010,East Haven,248510.0,310000.0,0.801645161,Condo,New Haven,-72.8604283,41.2507513
2014,08/17/2015,Bolton,320000.0,435000.0,0.735632184,Single Family,Tolland,-72.4204746,41.743119
2012,10/19/2012,Norwalk,270830.0,420000.0,0.644833333,Single Family,Fairfield,-73.4329149,41.1377455
2008,05/18/2009,West Hartford,231100.0,322500.0,0.716589147,Single Family,Hartford,-72.7625201,41.7451339
2018,10/25/2018,Stratford,139090.0,175875.0,0.7908,Condo,Fairfield,-73.119836,41.236584
2018,07/23/2019,Bridgeport,99440.0,185000.0,0.5375,Single Family,Fairfield,-73.1761294,41.2186821
2012,08/02/2013,Cheshire,226300.0,282900.0,0.799929304,Single Family,New Haven,-72.8779572,41.4611789
2013,09/02/2014,Haddam,224740.0,285000.0,0.788561404,Single Family,Middlesex,-72.551238,41.46372
2018,08/08/2019,Plainfield,225840.0,380000.0,0.594315789,Single Family,Windham,-71.8689686,41.7379749
2015,05/03/2016,Windsor,141540.0,175000.0,0.8088,Two Family,Hartford,-72.6611968,41.8453308
2015,12/01/2015,Enfield,115820.0,179900.0,0.643802112,Single Family,Hartford,-72.5091826,41.9960247
2012,11/26/2012,New Haven,131670.0,190000.0,0.693,Single Family,New Haven,-72.8921848,41.2668446
2020,08/02/2021,Glastonbury,217900.0,480000.0,0.4539,Residential,Hartford,-72.542088,41.7086253
2007,05/13/2008,Windsor,107590.0,213494.0,0.503948589,Single Family,Hartford,-72.683505,41.819271
2013,07/15/2014,Groton,114590.0,145000.0,0.790275862,Single Family,New London,-72.0748444,41.3391482
2008,07/31/2009,Thomaston,148110.0,128000.0,1.157109375,Single Family,Litchfield,-73.1036332,41.6893154
2013,09/26/2014,Portland,178710.0,280000.0,0.63825,Single Family,Middlesex,-72.6259042,41.5825212
2014,04/09/2015,Derby,119140.0,127500.0,0.934431373,Single Family,New Haven,-73.1012818,41.3302516
2006,09/24/2007,Danbury,177500.0,345000.0,0.514492754,Single Family,Fairfield,-73.4870028,41.4038604
2011,06/11/2012,Wethersfield,187400.0,273000.0,0.686446886,Single Family,Hartford,-72.6563971,41.713798
2017,12/22/2017,Windsor,115360.0,168000.0,0.686666667,Single Family,Hartford,-72.6546376,41.8337215
2016,09/22/2017,Norwalk,201380.0,379000.0,0.531345646,Single Family,Fairfield,-73.3995872,41.1226922
2016,01/25/2017,Monroe,223000.0,329000.0,0.67781155,Single Family,Fairfield,-73.2071651,41.3520562
2015,03/02/2016,Woodbury,218110.0,260000.0,0.838884615,Single Family,Litchfield,-73.2330637,41.5448722
2014,07/01/2015,Farmington,97050.0,125000.0,0.7764,Condo,Hartford,-72.8794762,41.7624247
2020,11/13/2020,Waterbury,87340.0,163000.0,0.5358,Residential,New Haven,-73.0151378,41.5309232
2020,10/05/2020,New Haven,273910.0,600000.0,0.4565,Residential,New Haven,-72.933899,41.3111123
2008,07/31/2009,Monroe,204300.0,387500.0,0.527225806,Single Family,Fairfield,-73.2255986,41.3252813
2015,08/18/2016,Burlington,297850.0,460000.0,0.6475,Single Family,Hartford,-73.0018037,41.7689205
2011,09/20/2012,Stratford,185220.0,189500.0,0.977414248,Single Family,Fairfield,-73.1286185,41.2097306
2007,06/05/2008,Meriden,124540.0,180000.0,0.691888889,Condo,New Haven,-72.8070435,41.5381535
2016,08/30/2017,Shelton,244160.0,410000.0,0.595512195,Single Family,Fairfield,-73.1868404,41.2984373
2016,12/16/2016,Norwalk,336460.0,485000.0,0.693731959,Single Family,Fairfield,-73.4127493,41.157001
2019,08/31/2020,West Haven,151480.0,230000.0,0.6586,Single Family,New Haven,-72.9745689,41.242394
2010,04/27/2011,Windham,158400.0,169900.0,0.932313125,Single Family,Windham,-72.1357587,41.7146698
2015,11/02/2015,Farmington,227110.0,375000.0,0.605626667,Condo,Hartford,-72.7881446,41.7312497
2016,09/19/2017,Norwalk,146570.0,209000.0,0.701291866,Condo,Fairfield,-73.4211283,41.1340715
2010,05/19/2011,Newington,144620.0,188000.0,0.769255319,Single Family,Hartford,-72.7407257,41.7168009
2017,12/22/2017,Shelton,114380.0,180000.0,0.635444444,Two Family,Fairfield,-73.1037716,41.3187011
2012,06/05/2013,Norwalk,279020.0,259000.0,1.077297297,Single Family,Fairfield,-73.4005493,41.1258208
2015,04/04/2016,Monroe,389700.0,512000.0,0.761132813,Single Family,Fairfield,-73.1912304,41.3639635
2006,08/24/2007,Putnam,85900.0,193000.0,0.44507772,Single Family,Windham,-71.9183901,41.9233102
2015,10/02/2015,Bristol,173880.0,275000.0,0.632290909,Single Family,Hartford,-72.979206,41.711805
2008,02/19/2009,East Haddam,176880.0,195000.0,0.907076923,Single Family,Middlesex,-72.4474738,41.4933274
2013,03/03/2014,West Hartford,167440.0,262500.0,0.637866667,Single Family,Hartford,-72.73717,41.7970941
2016,04/04/2017,New Fairfield,174100.0,261500.0,0.665774379,Single Family,Fairfield,-73.5286986,41.4526743
2016,02/02/2017,Bridgeport,127410.0,173780.0,0.733168374,Three Family,Fairfield,-73.1676255,41.1769905
2020,11/13/2020,Meriden,59430.0,95000.0,0.6255,Residential,New Haven,-72.7936212,41.5189362
2014,11/25/2014,Southington,278980.0,575000.0,0.485182609,Four Family,Hartford,-72.8811297,41.5998945
2015,04/07/2016,Waterbury,69100.0,70000.0,0.987142857,Single Family,New Haven,-73.0497745,41.5387491
2020,06/07/2021,East Windsor,83640.0,154000.0,0.5431,Residential,Hartford,-72.6147682,41.9066975
2018,01/14/2019,Tolland,145000.0,200000.0,0.725,Single Family,Tolland,-72.3502826,41.9006472
2016,02/17/2017,Avon,414420.0,471000.0,0.879872611,Single Family,Hartford,-72.8503709,41.7839022
2014,06/15/2015,Rocky Hill,310380.0,427500.0,0.726035088,Single Family,Hartford,-72.6556559,41.660594
2006,12/18/2006,Tolland,141600.0,260000.0,0.544615385,Single Family,Tolland,-72.3718785,41.9084984
2010,08/15/2011,Watertown,293700.0,380000.0,0.772894737,Single Family,Litchfield,-73.1452176,41.5775041
2013,04/24/2014,Redding,135000.0,174000.0,0.775862069,Condo,Fairfield,-73.4307511,41.26197
2010,10/18/2010,Glastonbury,190100.0,300000.0,0.633666667,Condo,Hartford,-72.5954003,41.7123229
2011,08/17/2012,Bristol,199920.0,242500.0,0.824412371,Single Family,Hartford,-72.8999883,41.6563843
2017,11/14/2017,East Hampton,216290.0,256000.0,0.844882813,Two Family,Middlesex,-72.5027878,41.5810648
2010,11/18/2010,Monroe,208110.0,225000.0,0.924933333,Single Family,Fairfield,-73.2186923,41.3461434
2013,01/27/2014,Hartford,49566.0,122500.0,0.404620408,Condo,Hartford,-72.6919853,41.7840291
2009,12/18/2009,New Britain,84140.0,142000.0,0.592535211,Single Family,Hartford,-72.8065649,41.6907657
2008,04/24/2009,Newington,108430.0,139900.0,0.77505361,Condo,Hartford,-72.7064904,41.6770139
2007,06/13/2008,West Haven,158970.0,210000.0,0.757,Condo,New Haven,-72.9470146,41.258264
2006,06/26/2007,Danbury,229200.0,443500.0,0.516798196,Single Family,Fairfield,-73.4777513,41.41884
2007,07/29/2008,Hartford,38401.0,160000.0,0.24000625,Single Family,Hartford,-72.7104781,41.734418
2008,11/26/2008,Simsbury,205490.0,290000.0,0.708586207,Condo,Hartford,-72.8254915,41.8662476
2013,10/17/2013,Branford,137700.0,160000.0,0.860625,Condo,New Haven,-72.825369,41.3050489
2014,10/01/2014,Portland,194460.0,185000.0,1.051135135,Single Family,Middlesex,-72.6269668,41.588782
2016,02/08/2017,Waterford,139770.0,135000.0,1.035333333,Single Family,New London,-72.126592,41.3059023
2016,12/12/2016,Simsbury,126320.0,130000.0,0.971692308,Single Family,Hartford,-72.8139049,41.8696687
2007,06/25/2008,New Haven,109480.0,125500.0,0.872350598,Single Family,New Haven,-72.9409122,41.3229196
2015,02/26/2016,Branford,119900.0,170000.0,0.705294118,Condo,New Haven,-72.8191492,41.2859951
2013,05/12/2014,Plainville,132580.0,214000.0,0.61953271,Single Family,Hartford,-72.8602481,41.6539468
2018,10/05/2018,Bristol,167650.0,245000.0,0.6842,Single Family,Hartford,-72.9285928,41.6780908
2006,04/17/2007,Bristol,74050.0,165000.0,0.448787879,Condo,Hartford,-72.9100434,41.6615992
2019,11/26/2019,Meriden,100310.0,242500.0,0.413649485,Three Family,New Haven,-72.8143665,41.5376216
2015,07/12/2016,Stonington,397200.0,725000.0,0.547862069,Single Family,New London,-71.9608524,41.3524585
2010,06/01/2011,East Lyme,98770.0,148000.0,0.667364865,Condo,New London,-72.1970245,41.3254467
2014,06/15/2015,West Hartford,364910.0,595000.0,0.613294118,Condo,Hartford,-72.7419383,41.7593442
2008,12/22/2008,Stratford,256130.0,390000.0,0.65674359,Condo,Fairfield,-73.1282715,41.2344939
2016,08/17/2017,Norwich,195000.0,340000.0,0.573529412,Single Family,New London,-72.1240796,41.5282888
2006,02/01/2007,Wilton,286720.0,515000.0,0.556737864,Single Family,Fairfield,-73.4057047,41.1786024
2017,10/13/2017,Beacon Falls,157140.0,237500.0,0.661642105,Single Family,New Haven,-73.0869882,41.4127601
2006,01/31/2007,Torrington,80200.0,156000.0,0.514102564,Single Family,Litchfield,-73.1025267,41.8132392
2019,09/29/2020,Wolcott,118200.0,205000.0,0.5766,Single Family,New Haven,-73.0111249,41.6218868
2013,04/08/2014,Stamford,211630.0,380000.0,0.556921053,Condo,Fairfield,-73.5435662,41.0608476
2019,11/13/2019,Meriden,70770.0,100000.0,0.7077,Two Family,New Haven,-72.7986245,41.5429387
2014,04/28/2015,Seymour,131110.0,172500.0,0.760057971,Single Family,New Haven,-73.0576143,41.4045212
2008,02/02/2009,West Hartford,119000.0,143870.0,0.827135609,Single Family,Hartford,-72.7269185,41.7484023
2013,03/10/2014,Simsbury,205980.0,325000.0,0.633784615,Single Family,Hartford,-72.8633866,41.8452913
2014,10/27/2014,Stamford,186610.0,360000.0,0.518361111,Condo,Fairfield,-73.5205356,41.0826645
2017,05/21/2018,Wolcott,124350.0,224000.0,0.555133929,Single Family,New Haven,-73.0042522,41.6029586
2015,06/22/2016,Enfield,102960.0,85050.0,1.210582011,Single Family,Hartford,-72.565563,41.9837284
2016,07/21/2017,Bristol,103740.0,159000.0,0.65245283,Single Family,Hartford,-72.8932462,41.6673966
2016,04/07/2017,Norwalk,161200.0,208000.0,0.775,Condo,Fairfield,-73.4232688,41.1244806
2013,01/24/2014,Bloomfield,144410.0,189900.0,0.76045287,Single Family,Hartford,-72.7603962,41.8550222
2020,08/13/2021,Easton,303900.0,694125.0,0.4378,Residential,Fairfield,-73.2639813,41.2428159
2012,05/08/2013,Manchester,174500.0,277500.0,0.628828829,Single Family,Hartford,-72.4817736,41.8102926
2018,09/16/2019,West Hartford,168210.0,240000.0,0.700875,Single Family,Hartford,-72.7452279,41.7242402
2019,12/06/2019,Stamford,444510.0,645300.0,0.6888,Single Family,Fairfield,-73.5819798,41.1612974
2013,04/03/2014,Bristol,133490.0,189000.0,0.706296296,Single Family,Hartford,-72.9199182,41.6822157
2018,11/05/2018,Hebron,173160.0,300000.0,0.5772,Single Family,Tolland,-72.3621212,41.617261
2017,03/09/2018,Manchester,172200.0,272500.0,0.6319,Single Family,Hartford,-72.4934981,41.798582
2014,04/02/2015,Haddam,185510.0,152900.0,1.213276651,Single Family,Middlesex,-72.5215226,41.4579812
2018,06/24/2019,North Haven,155330.0,265000.0,0.5861,Condo,New Haven,-72.9690272,41.3244349
